-3.9672234058380127,9.884742736816406,0.00028932231361977756
-3.9507222175598145,9.892099380493164,0.00028932231361977756
-3.9340057373046875,9.898735046386719,0.00028932231361977756
-3.9170844554901123,9.904658317565918,0.00028932231361977756
-3.8999691009521484,9.90987777709961,0.00028932231361977756
-3.8826704025268555,9.91440200805664,0.00028932231361977756
-3.8651986122131348,9.91823959350586,0.00028932231361977756
-3.847564458847046,9.921399116516113,0.00028932231361977756
-3.8297784328460693,9.92388916015625,0.00028932231361977756
-3.8118512630462646,9.925718307495117,0.00028932231361977756
-3.7937934398651123,9.926896095275879,0.00028932231361977756
-3.775615692138672,9.927430152893066,0.00028932231361977756
-3.7573282718658447,9.927329063415527,0.00028932231361977756
-3.7389419078826904,9.926602363586426,0.00028932231361977756
-3.7204673290252686,9.925257682800293,0.00028932231361977756
-3.7019150257110596,9.923303604125977,0.00028932231361977756
-3.683295488357544,9.92074966430664,0.00028932231361977756
-3.664619207382202,9.917603492736816,0.00028932231361977756
-3.6458969116210938,9.913874626159668,0.00028932231361977756
-3.6271393299102783,9.909571647644043,0.00028932231361977756
-3.6083567142486572,9.904702186584473,0.00028932231361977756
-3.58955979347229,9.899275779724121,0.00028932231361977756
-3.5707592964172363,9.893301010131836,0.00028932231361977756
-3.5519654750823975,9.886785507202148,0.00028932231361977756
-3.533189058303833,9.879738807678223,0.00028932231361977756
-3.5144407749176025,9.872169494628906,0.00028932231361977756
-3.4957311153411865,9.864086151123047,0.00028932231361977756
-3.4770705699920654,9.855497360229492,0.00028932231361977756
-3.4584696292877197,9.84641170501709,0.00028932231361977756
-3.439939022064209,9.836837768554688,0.00028932231361977756
-3.4214892387390137,9.826784133911133,0.00028932231361977756
-3.4031310081481934,9.816259384155273,0.00028932231361977756
-3.3848748207092285,9.805272102355957,0.00028932231361977756
-3.3667311668395996,9.793831825256348,0.00028932231361977756
-3.348710775375366,9.781946182250977,0.00028932231361977756
-3.330824136734009,9.769623756408691,0.00028932231361977756
-3.313081741333008,9.756874084472656,0.00028932231361977756
-3.295494318008423,9.743704795837402,0.00028932231361977756
-3.2780723571777344,9.730124473571777,0.00028932231361977756
-3.260826587677002,9.716142654418945,0.00028932231361977756
-3.243767261505127,9.701767921447754,0.00028932231361977756
-3.226905345916748,9.687007904052734,0.00028932231361977756
-3.2102510929107666,9.67187213897705,0.00028932231361977756
-3.193815231323242,9.656368255615234,0.00028932231361977756
-3.1776082515716553,9.64050579071045,0.00028932231361977756
-3.1616408824920654,9.624293327331543,0.00028932231361977756
-3.145923614501953,9.607739448547363,0.00028932231361977756
-3.130466938018799,9.590852737426758,0.00028932231361977756
-3.115281581878662,9.573640823364258,0.00028932231361977756
-3.1003780364990234,9.556113243103027,0.00028932231361977756
-3.0857667922973633,9.538278579711914,0.00028932231361977756
-3.071458578109741,9.520145416259766,0.00028932231361977756
-3.0574638843536377,9.50172233581543,0.00028932231361977756
-3.0437934398651123,9.48301887512207,0.00028932231361977756
-3.0304577350616455,9.464042663574219,0.00028932231361977756
-3.0174672603607178,9.444802284240723,0.00028932231361977756
-3.0048325061798096,9.42530632019043,0.00028932231361977756
-2.9925642013549805,9.405563354492188,0.00028932231361977756
-2.98067307472229,9.38558292388916,0.00028932231361977756
-2.9691693782806396,9.365372657775879,0.00028932231361977756
-2.958063840866089,9.344942092895508,0.00028932231361977756
-2.9473671913146973,9.324298858642578,0.00028932231361977756
-2.9370899200439453,9.303452491760254,0.00028932231361977756
-2.9272425174713135,9.282410621643066,0.00028932231361977756
-2.9178354740142822,9.26118278503418,0.00028932231361977756
-2.908879518508911,9.239776611328125,0.00028932231361977756
-2.9003851413726807,9.218201637268066,0.00028932231361977756
-2.8923630714416504,9.196466445922852,0.00028932231361977756
-2.884823799133301,9.174579620361328,0.00028932231361977756
-2.8777778148651123,9.152548789978027,0.00028932231361977756
-2.8712356090545654,9.130383491516113,0.00028932231361977756
-2.8652079105377197,9.108092308044434,0.00028932231361977756
-2.8597054481506348,9.085683822631836,0.00028932231361977756
-2.854738473892212,9.063166618347168,0.00028932231361977756
-2.85031795501709,9.040549278259277,0.00028932231361977756
-2.84645414352417,9.017840385437012,0.00028932231361977756
-2.8431577682495117,8.995048522949219,0.00028932231361977756
-2.8404393196105957,8.972183227539062,0.00028932231361977756
-2.8383092880249023,8.949252128601074,0.00028932231361977756
-2.836778402328491,8.926263809204102,0.00028932231361977756
-2.8358571529388428,8.903226852416992,0.00028932231361977756
-2.8355562686920166,8.88015079498291,0.00028932231361977756
-2.835886240005493,8.857043266296387,0.00028932231361977756
-2.836857557296753,8.833913803100586,0.00028932231361977756
-2.8384809494018555,8.810770034790039,0.00028932231361977756
-2.8407669067382812,8.78762149810791,0.00028932231361977756
-2.8437259197235107,8.76447582244873,0.00028932231361977756
-2.8473687171936035,8.741342544555664,0.00028932231361977756
-2.85170578956604,8.718230247497559,0.00028932231361977756
-2.85674786567688,8.695146560668945,0.00028932231361977756
-2.8625051975250244,8.672101020812988,0.00028932231361977756
-2.8689887523651123,8.649102210998535,0.00028932231361977756
-2.876208782196045,8.626158714294434,0.00028932231361977756
-2.884176015853882,8.603279113769531,0.00028932231361977756
-2.8929009437561035,8.58047103881836,0.00028932231361977756
-2.9023942947387695,8.557744026184082,0.00028932231361977756
-2.9126665592193604,8.535106658935547,0.00028932231361977756
-2.9237282276153564,8.512568473815918,0.00028932231361977756
-2.9355900287628174,8.490137100219727,0.00028932231361977756
-2.9482624530792236,8.46782112121582,0.00028932231361977756
-2.9617574214935303,8.445635795593262,0.00028932231361977756
-2.976269245147705,8.423562049865723,0.00028932231361977756
-2.9919662475585938,8.401590347290039,0.00028932231361977756
-3.0088143348693848,8.37971305847168,0.00028932231361977756
-3.0267791748046875,8.357922554016113,0.00028932231361977756
-3.0458266735076904,8.336211204528809,0.00028932231361977756
-3.065922737121582,8.314571380615234,0.00028932231361977756
-3.0870330333709717,8.29299545288086,0.00028932231361977756
-3.109123706817627,8.271475791931152,0.00028932231361977756
-3.1321604251861572,8.250005722045898,0.00028932231361977756
-3.156108856201172,8.228577613830566,0.00028932231361977756
-3.1809349060058594,8.207182884216309,0.00028932231361977756
-3.206604480743408,8.18581485748291,0.00028932231361977756
-3.233083486557007,8.16446590423584,0.00028932231361977756
-3.2603375911712646,8.143128395080566,0.00028932231361977756
-3.28833270072937,8.121794700622559,0.00028932231361977756
-3.3170347213745117,8.100458145141602,0.00028932231361977756
-3.346409320831299,8.079110145568848,0.00028932231361977756
-3.37642240524292,8.057744026184082,0.00028932231361977756
-3.4070398807525635,8.036351203918457,0.00028932231361977756
-3.438227415084839,8.014925003051758,0.00028932231361977756
-3.4699511528015137,7.993458271026611,0.00028932231361977756
-3.502176523208618,7.97194242477417,0.00028932231361977756
-3.53486967086792,7.9503703117370605,0.00028932231361977756
-3.5679962635040283,7.92873477935791,0.00028932231361977756
-3.601522207260132,7.9070281982421875,0.00028932231361977756
-3.63541316986084,7.885242938995361,0.00028932231361977756
-3.669635057449341,7.8633713722229,0.00028932231361977756
-3.7041537761688232,7.841405868530273,0.00028932231361977756
-3.7389352321624756,7.819339275360107,0.00028932231361977756
-3.7739450931549072,7.797163963317871,0.00028932231361977756
-3.8091492652893066,7.774872303009033,0.00028932231361977756
-3.8445136547088623,7.7524566650390625,0.00028932231361977756
-3.8800039291381836,7.729909896850586,0.00028932231361977756
-3.915585994720459,7.707224369049072,0.00028932231361977756
-3.951225757598877,7.68439245223999,0.00028932231361977756
-3.986888885498047,7.661406517028809,0.00028932231361977756
-4.022541522979736,7.638259410858154,0.00028932231361977756
-4.0581488609313965,7.614943027496338,0.00028932231361977756
-4.093677520751953,7.591450214385986,0.00028932231361977756
-4.129092693328857,7.567773818969727,0.00028932231361977756
-4.164360523223877,7.543905735015869,0.00028932231361977756
-4.199446678161621,7.519838809967041,0.00028932231361977756
-4.234317302703857,7.495565414428711,0.00028932231361977756
-4.268938064575195,7.471077919006348,0.00028932231361977756
-4.303274631500244,7.44636869430542,0.00028932231361977756
-4.3372931480407715,7.421430587768555,0.00028932231361977756
-4.370959281921387,7.396255970001221,0.00028932231361977756
-4.404238700866699,7.370837211608887,0.00028932231361977756
-4.437097549438477,7.3451666831970215,0.00028932231361977756
-4.469501495361328,7.319237232208252,0.00028932231361977756
-4.501416206359863,7.293040752410889,0.00028932231361977756
-4.53280782699585,7.266570091247559,0.00028932231361977756
-4.5636420249938965,7.239818096160889,0.00028932231361977756
-4.593884468078613,7.2127766609191895,0.00028932231361977756
-4.623501300811768,7.185438632965088,0.00028932231361977756
-4.652458190917969,7.157796382904053,0.00028932231361977756
-4.680720806121826,7.129842281341553,0.00028932231361977756
-4.708255290985107,7.101568698883057,0.00028932231361977756
-4.735027313232422,7.072968482971191,0.00028932231361977756
-4.761002540588379,7.044034004211426,0.00028932231361977756
-4.786147117614746,7.0147576332092285,0.00028932231361977756
-4.810426712036133,6.985131740570068,0.00028932231361977756
-4.833807468414307,6.955149173736572,0.00028932231361977756
-4.856254577636719,6.924802303314209,0.00028932231361977756
-4.877734184265137,6.894083499908447,0.00028932231361977756
-4.898212432861328,6.862985134124756,0.00028932231361977756
-4.917654991149902,6.831500053405762,0.00028932231361977756
-4.936027526855469,6.799620151519775,0.00028932231361977756
-4.953295707702637,6.767338275909424,0.00028932231361977756
-4.969425678253174,6.734647274017334,0.00028932231361977756
-4.9843831062316895,6.701539039611816,0.00028932231361977756
-4.998134136199951,6.668006420135498,0.00028932231361977756
-5.010644435882568,6.634041786193848,0.00028932231361977756
-5.02187967300415,6.599637508392334,0.00028932231361977756
-5.031805515289307,6.564785957336426,0.00028932231361977756
-5.040388107299805,6.52947998046875,0.00028932231361977756
-5.047593593597412,6.493711948394775,0.00028932231361977756
-5.05338716506958,6.457474231719971,0.00028932231361977756
-5.057734966278076,6.420759201049805,0.00028932231361977756
-5.06060266494751,6.383559226989746,0.00028932231361977756
-5.061956405639648,6.345867156982422,0.00028932231361977756
-5.061761856079102,6.307675361633301,0.00028932231361977756
-5.0599846839904785,6.268976211547852,0.00028932231361977756
-5.056591033935547,6.229762554168701,0.00028932231361977756
-5.051546573638916,6.190026760101318,0.00028932231361977756
-5.044816970825195,6.149761199951172,0.00028932231361977756
-5.036368370056152,6.1089582443237305,0.00028932231361977756
-5.0261664390563965,6.067610263824463,0.00028932231361977756
-5.014176845550537,6.025710105895996,0.00028932231361977756
-5.000365734100342,5.983250141143799,0.00028932231361977756
-4.98469877243042,5.94022274017334,0.00028932231361977756
-4.967141628265381,5.896620273590088,0.00028932231361977756
-4.947660446166992,5.85243558883667,0.00028932231361977756
-4.926220893859863,5.8076605796813965,0.00028932231361977756
-4.9027886390686035,5.7622880935668945,0.00028932231361977756
-4.8773298263549805,5.716310977935791,0.00028932231361977756
-4.8498101234436035,5.6697211265563965,0.00028932231361977756
-4.82019567489624,5.622511386871338,0.00028932231361977756
-4.788451671600342,5.574674129486084,0.00028932231361977756
-4.754542350769043,5.526199817657471,0.00028932231361977756
-4.7278032302856445,5.490978717803955,0.00028932231361977756
-4.700318813323975,5.458774566650391,0.00028932231361977756
-4.672103404998779,5.429526329040527,0.00028932231361977756
-4.643170356750488,5.403173446655273,0.00028932231361977756
-4.613533973693848,5.379655361175537,0.00028932231361977756
-4.583208084106445,5.358911037445068,0.00028932231361977756
-4.552206993103027,5.340879917144775,0.00028932231361977756
-4.520544052124023,5.325500965118408,0.00028932231361977756
-4.48823356628418,5.312713623046875,0.00028932231361977756
-4.455289363861084,5.302456855773926,0.00028932231361977756
-4.421725273132324,5.294670104980469,0.00028932231361977756
-4.3875555992126465,5.289292812347412,0.00028932231361977756
-4.352794170379639,5.286263942718506,0.00028932231361977756
-4.3174543380737305,5.285522937774658,0.00028932231361977756
-4.281550884246826,5.287008762359619,0.00028932231361977756
-4.2450971603393555,5.290660858154297,0.00028932231361977756
-4.2081074714660645,5.2964186668396,0.00028932231361977756
-4.170595169067383,5.304221153259277,0.00028932231361977756
-4.132574558258057,5.314007759094238,0.00028932231361977756
-4.094059944152832,5.325717449188232,0.00028932231361977756
-4.055064678192139,5.339289665222168,0.00028932231361977756
-4.015603065490723,5.354663372039795,0.00028932231361977756
-3.975688934326172,5.3717780113220215,0.00028932231361977756
-3.935336112976074,5.390573024749756,0.00028932231361977756
-3.8945586681365967,5.410987377166748,0.00028932231361977756
-3.853370428085327,5.432960510253906,0.00028932231361977756
-3.8117854595184326,5.4564313888549805,0.00028932231361977756
-3.769817590713501,5.481339454650879,0.00028932231361977756
-3.727480888366699,5.50762414932251,0.00028932231361977756
-3.6847891807556152,5.535224437713623,0.00028932231361977756
-3.641756296157837,5.564079761505127,0.00028932231361977756
-3.5983963012695312,5.5941290855407715,0.00028932231361977756
-3.5547232627868652,5.625311851501465,0.00028932231361977756
-3.5107510089874268,5.657567024230957,0.00028932231361977756
-3.4664933681488037,5.690834045410156,0.00028932231361977756
-3.421964406967163,5.725052356719971,0.00028932231361977756
-3.3771779537200928,5.76016092300415,0.00028932231361977756
-3.3321480751037598,5.7960991859436035,0.00028932231361977756
-3.286888599395752,5.83280611038208,0.00028932231361977756
-3.2414135932922363,5.870221138000488,0.00028932231361977756
-3.195736885070801,5.908283710479736,0.00028932231361977756
-3.149872303009033,5.946932792663574,0.00028932231361977756
-3.1038339138031006,5.98610782623291,0.00028932231361977756
-3.05763578414917,6.025747776031494,0.00028932231361977756
-3.01129150390625,6.065792083740234,0.00028932231361977756
-2.964815378189087,6.106180191040039,0.00028932231361977756
-2.9182209968566895,6.146851062774658,0.00028932231361977756
-2.8715226650238037,6.187743663787842,0.00028932231361977756
-2.8247339725494385,6.228797435760498,0.00028932231361977756
-2.7778689861297607,6.269951820373535,0.00028932231361977756
-2.7309417724609375,6.311146259307861,0.00028932231361977756
-2.6839661598205566,6.352319717407227,0.00028932231361977756
-2.636956214904785,6.393411159515381,0.00028932231361977756
-2.589925527572632,6.434360027313232,0.00028932231361977756
-2.5428884029388428,6.4751057624816895,0.00028932231361977756
-2.495858669281006,6.515587329864502,0.00028932231361977756
-2.448850154876709,6.555744171142578,0.00028932231361977756
-2.401876926422119,6.595515727996826,0.00028932231361977756
-2.354952812194824,6.634840965270996,0.00028932231361977756
-2.308091878890991,6.673658847808838,0.00028932231361977756
-2.261307954788208,6.711909294128418,0.00028932231361977756
-2.2146148681640625,6.749530792236328,0.00028932231361977756
-2.1680266857147217,6.786463260650635,0.00028932231361977756
-2.1215574741363525,6.822645664215088,0.00028932231361977756
-2.075221061706543,6.8580169677734375,0.00028932231361977756
-2.029031276702881,6.892516613006592,0.00028932231361977756
-1.9830023050308228,6.926084041595459,0.00028932231361977756
-1.9371477365493774,6.958658218383789,0.00028932231361977756
-1.8914817571640015,6.99017858505249,0.00028932231361977756
-1.8460181951522827,7.020584583282471,0.00028932231361977756
-1.8007711172103882,7.0498151779174805,0.00028932231361977756
-1.7557543516159058,7.0778093338012695,0.00028932231361977756
-1.710981845855713,7.104506969451904,0.00028932231361977756
-1.666467547416687,7.129846572875977,0.00028932231361977756
-1.6222254037857056,7.153768062591553,0.00028932231361977756
-1.578269362449646,7.176210403442383,0.00028932231361977756
-1.5346132516860962,7.197112560272217,0.00028932231361977756
-1.4912711381912231,7.216414451599121,0.00028932231361977756
-1.4482568502426147,7.2340545654296875,0.00028932231361977756
-1.405584454536438,7.249972820281982,0.00028932231361977756
-1.3632677793502808,7.264107704162598,0.00028932231361977756
-1.3213207721710205,7.2763991355896,0.00028932231361977756
-1.2797573804855347,7.286786079406738,0.00028932231361977756
-1.2385915517807007,7.295207977294922,0.00028932231361977756
-1.197837233543396,7.3016037940979,0.00028932231361977756
-1.157508373260498,7.305912971496582,0.00028932231361977756
-1.1176189184188843,7.308074474334717,0.00028932231361977756
-1.0781828165054321,7.308027744293213,0.00028932231361977756
-1.0392138957977295,7.3057122230529785,0.00028932231361977756
-1.0007262229919434,7.301066875457764,0.00028932231361977756
-0.9627336263656616,7.294030666351318,0.00028932231361977756
-0.9252500534057617,7.284543514251709,0.00028932231361977756
-0.8882895112037659,7.2725443840026855,0.00028932231361977756
-0.8518658876419067,7.257972240447998,0.00028932231361977756
-0.8159931302070618,7.240766525268555,0.00028932231361977756
-0.7806851863861084,7.220866680145264,0.00028932231361977756
-0.7459559440612793,7.198211669921875,0.00028932231361977756
-0.7118194103240967,7.172740936279297,0.00028932231361977756
-0.6782894730567932,7.144393444061279,0.00028932231361977756
-0.6453805565834045,7.113104820251465,0.00028932231361977756
-0.6140280961990356,7.080202102661133,0.00028932231361977756
-0.5851318836212158,7.04704475402832,0.00028932231361977756
-0.558650016784668,7.013638496398926,0.00028932231361977756
-0.5345406532287598,6.9799885749816895,0.00028932231361977756
-0.5127618908882141,6.946100234985352,0.00028932231361977756
-0.49327191710472107,6.9119791984558105,0.00028932231361977756
-0.4760288596153259,6.877630710601807,0.00028932231361977756
-0.460990846157074,6.84306001663208,0.00028932231361977756
-0.4481160640716553,6.808272361755371,0.00028932231361977756
-0.4373626112937927,6.773273468017578,0.00028932231361977756
-0.4286886751651764,6.738068580627441,0.00028932231361977756
-0.4220523536205292,6.702663421630859,0.00028932231361977756
-0.41741183400154114,6.667063236236572,0.00028932231361977756
-0.41472524404525757,6.63127326965332,0.00028932231361977756
-0.41395071148872375,6.595298767089844,0.00028932231361977756
-0.4150463938713074,6.559145450592041,0.00028932231361977756
-0.4179704189300537,6.522818565368652,0.00028932231361977756
-0.42268094420433044,6.486323356628418,0.00028932231361977756
-0.42913612723350525,6.449665069580078,0.00028932231361977756
-0.4372940957546234,6.412849426269531,0.00028932231361977756
-0.4471129775047302,6.375881671905518,0.00028932231361977756
-0.45855093002319336,6.3387675285339355,0.00028932231361977756
-0.4715661108493805,6.301512241363525,0.00028932231361977756
-0.4861166477203369,6.264121055603027,0.00028932231361977756
-0.5021606683731079,6.226599216461182,0.00028932231361977756
-0.5196563601493835,6.188952445983887,0.00028932231361977756
-0.5385618209838867,6.151185989379883,0.00028932231361977756
-0.5588352680206299,6.11330509185791,0.00028932231361977756
-0.5804347395896912,6.075315475463867,0.00028932231361977756
-0.603318452835083,6.037222385406494,0.00028932231361977756
-0.6274445652961731,5.999031066894531,0.00028932231361977756
-0.6527711749076843,5.960746765136719,0.00028932231361977756
-0.6792564392089844,5.922375202178955,0.00028932231361977756
-0.7068584561347961,5.8839216232299805,0.00028932231361977756
-0.7355354428291321,5.845391750335693,0.00028932231361977756
-0.7652454972267151,5.806790351867676,0.00028932231361977756
-0.7959467768669128,5.768123149871826,0.00028932231361977756
-0.827597439289093,5.729395866394043,0.00028932231361977756
-0.8601556420326233,5.690613269805908,0.00028932231361977756
-0.8935794830322266,5.65178108215332,0.00028932231361977756
-0.9278271198272705,5.612905025482178,0.00028932231361977756
-0.9628567099571228,5.5739898681640625,0.00028932231361977756
-0.9986263513565063,5.535041332244873,0.00028932231361977756
-1.0350942611694336,5.49606466293335,0.00028932231361977756
-1.0722185373306274,5.457065582275391,0.00028932231361977756
-1.1099573373794556,5.418049335479736,0.00028932231361977756
-1.1482688188552856,5.379021167755127,0.00028932231361977756
-1.1871111392974854,5.339986324310303,0.00028932231361977756
-1.2264423370361328,5.300950527191162,0.00028932231361977756
-1.2662206888198853,5.261919021606445,0.00028932231361977756
-1.3064042329788208,5.222897052764893,0.00028932231361977756
-1.3469511270523071,5.183890342712402,0.00028932231361977756
-1.387819528579712,5.144903659820557,0.00028932231361977756
-1.4289675951004028,5.105943202972412,0.00028932231361977756
-1.4703534841537476,5.067013740539551,0.00028932231361977756
-1.5119353532791138,5.028120994567871,0.00028932231361977756
-1.5536713600158691,4.989270210266113,0.00028932231361977756
-1.5955195426940918,4.950467109680176,0.00028932231361977756
-1.637438178062439,4.911716461181641,0.00028932231361977756
-1.6793853044509888,4.873023986816406,0.00028932231361977756
-1.7213190793991089,4.834395408630371,0.00028932231361977756
-1.763197660446167,4.795835494995117,0.00028932231361977756
-1.8049792051315308,4.757349967956543,0.00028932231361977756
-1.8466218709945679,4.718944549560547,0.00028932231361977756
-1.888083815574646,4.680624008178711,0.00028932231361977756
-1.9293230772018433,4.642394065856934,0.00028932231361977756
-1.970297932624817,4.604259967803955,0.00028932231361977756
-2.0109663009643555,4.566227436065674,0.00028932231361977756
-2.0512866973876953,4.528301239013672,0.00028932231361977756
-2.091217041015625,4.490487098693848,0.00028932231361977756
-2.1307153701782227,4.4527907371521,0.00028932231361977756
-2.1697399616241455,4.415217399597168,0.00028932231361977756
-2.208249092102051,4.377772331237793,0.00028932231361977756
-2.2462007999420166,4.340460777282715,0.00028932231361977756
-2.283553123474121,4.303287982940674,0.00028932231361977756
-2.3202643394470215,4.266259670257568,0.00028932231361977756
-2.356292486190796,4.229381561279297,0.00028932231361977756
-2.3915956020355225,4.192658424377441,0.00028932231361977756
-2.4261319637298584,4.1560959815979,0.00028932231361977756
-2.459859848022461,4.119699478149414,0.00028932231361977756
-2.492737293243408,4.083474159240723,0.00028932231361977756
-2.5247223377227783,4.047425746917725,0.00028932231361977756
-2.5557732582092285,4.01155948638916,0.00028932231361977756
-2.585848093032837,3.9758806228637695,0.00028932231361977756
-2.6149051189422607,3.940394878387451,0.00028932231361977756
-2.642902374267578,3.9051074981689453,0.00028932231361977756
-2.6697981357574463,3.8700239658355713,0.00028932231361977756
-2.6955504417419434,3.8351495265960693,0.00028932231361977756
-2.7201173305511475,3.800489664077759,0.00028932231361977756
-2.743457078933716,3.76604962348938,0.00028932231361977756
-2.7655277252197266,3.731834888458252,0.00028932231361977756
-2.786287546157837,3.6978509426116943,0.00028932231361977756
-2.805694580078125,3.6641030311584473,0.00028932231361977756
-2.823707103729248,3.63059663772583,0.00028932231361977756
-2.840283155441284,3.597337007522583,0.00028932231361977756
-2.8553810119628906,3.5643296241760254,0.00028932231361977756
-2.8689587116241455,3.5315799713134766,0.00028932231361977756
-2.880974292755127,3.4990932941436768,0.00028932231361977756
-2.891386032104492,3.4668750762939453,0.00028932231361977756
-2.9001548290252686,3.434929609298706,0.00028932231361977756
-2.9091062545776367,3.3988280296325684,0.00028932231361977756
-2.9177608489990234,3.3635146617889404,0.00028932231361977756
-2.926117181777954,3.3289802074432373,0.00028932231361977756
-2.934173583984375,3.295214891433716,0.00028932231361977756
-2.9419283866882324,3.262209415435791,0.00028932231361977756
-2.9493799209594727,3.229954481124878,0.00028932231361977756
-2.956526756286621,3.1984403133392334,0.00028932231361977756
-2.963367223739624,3.1676576137542725,0.00028932231361977756
-2.969899892807007,3.137596845626831,0.00028932231361977756
-2.9761228561401367,3.108248472213745,0.00028932231361977756
-2.982034683227539,3.0796029567718506,0.00028932231361977756
-2.98763370513916,3.0516510009765625,0.00028932231361977756
-2.9929184913635254,3.024383068084717,0.00028932231361977756
-2.997887372970581,2.9977896213531494,0.00028932231361977756
-3.0025386810302734,2.9718613624572754,0.00028932231361977756
-3.006870746612549,2.9465885162353516,0.00028932231361977756
-3.0108821392059326,2.921961784362793,0.00028932231361977756
-3.014571189880371,2.8979718685150146,0.00028932231361977756
-3.0179362297058105,2.8746089935302734,0.00028932231361977756
-3.0209755897521973,2.8518638610839844,0.00028932231361977756
-3.0236878395080566,2.8297269344329834,0.00028932231361977756
-3.026071310043335,2.8081886768341064,0.00028932231361977756
-3.0281245708465576,2.7872395515441895,0.00028932231361977756
-3.029845714569092,2.7668702602386475,0.00028932231361977756
-3.031233310699463,2.7470712661743164,0.00028932231361977756
-3.032285690307617,2.7278330326080322,0.00028932231361977756
-3.03300142288208,2.70914626121521,0.00028932231361977756
-3.033378839492798,2.6910011768341064,0.00028932231361977756
-3.033416271209717,2.6733884811401367,0.00028932231361977756
-3.033112049102783,2.6562986373901367,0.00028932231361977756
-3.0324647426605225,2.6397223472595215,0.00028932231361977756
-3.031472682952881,2.623650074005127,0.00028932231361977756
-3.0301342010498047,2.608072280883789,0.00028932231361977756
-3.0284478664398193,2.5929794311523438,0.00028932231361977756
-3.026411771774292,2.578361988067627,0.00028932231361977756
-3.024024724960327,2.5642106533050537,0.00028932231361977756
-3.021284818649292,2.55051589012146,0.00028932231361977756
-3.018190622329712,2.5372681617736816,0.00028932231361977756
-3.014740467071533,2.5244579315185547,0.00028932231361977756
-3.010932683944702,2.512075901031494,0.00028932231361977756
-3.006765604019165,2.500112533569336,0.00028932231361977756
-3.0022377967834473,2.488558292388916,0.00028932231361977756
-2.997347593307495,2.4774036407470703,0.00028932231361977756
-2.992093563079834,2.466639280319214,0.00028932231361977756
-2.98647403717041,2.4562556743621826,0.00028932231361977756
-2.98048734664917,2.4462432861328125,0.00028932231361977756
-2.9741318225860596,2.4365928173065186,0.00028932231361977756
-2.9674057960510254,2.4272944927215576,0.00028932231361977756
-2.9603078365325928,2.4183390140533447,0.00028932231361977756
-2.952836275100708,2.409716844558716,0.00028932231361977756
-2.9449896812438965,2.401418685913086,0.00028932231361977756
-2.9367663860321045,2.393434762954712,0.00028932231361977756
-2.9281647205352783,2.385755777359009,0.00028932231361977756
-2.9191830158233643,2.3783721923828125,0.00028932231361977756
-2.9098196029663086,2.371274709701538,0.00028932231361977756
-2.9000730514526367,2.3644535541534424,0.00028932231361977756
-2.889941692352295,2.3578994274139404,0.00028932231361977756
-2.8794240951538086,2.351602792739868,0.00028932231361977756
-2.868518590927124,2.3455543518066406,0.00028932231361977756
-2.8572235107421875,2.3397443294525146,0.00028932231361977756
-2.8455371856689453,2.3341634273529053,0.00028932231361977756
-2.833458185195923,2.3288021087646484,0.00028932231361977756
-2.8209846019744873,2.323651075363159,0.00028932231361977756
-2.808115243911743,2.3187005519866943,0.00028932231361977756
-2.7948482036590576,2.313941240310669,0.00028932231361977756
-2.781182050704956,2.309363603591919,0.00028932231361977756
-2.7671151161193848,2.3049583435058594,0.00028932231361977756
-2.75264573097229,2.300715684890747,0.00028932231361977756
-2.7377724647521973,2.296626329421997,0.00028932231361977756
-2.7224936485290527,2.2926807403564453,0.00028932231361977756
-2.7068076133728027,2.288869619369507,0.00028932231361977756
-2.6907126903533936,2.2851831912994385,0.00028932231361977756
-2.6742074489593506,2.2816121578216553,0.00028932231361977756
-2.65729022026062,2.278146982192993,0.00028932231361977756
-2.6399593353271484,2.274778366088867,0.00028932231361977756
-2.622213363647461,2.271496534347534,0.00028932231361977756
-2.604050636291504,2.268292188644409,0.00028932231361977756
-2.5854694843292236,2.265155792236328,0.00028932231361977756
-2.5664684772491455,2.262078046798706,0.00028932231361977756
-2.547045946121216,2.2590491771698,0.00028932231361977756
-2.527200222015381,2.2560598850250244,0.00028932231361977756
-2.506929636001587,2.253100633621216,0.00028932231361977756
-2.4862327575683594,2.25016188621521,0.00028932231361977756
-2.4651076793670654,2.247234344482422,0.00028932231361977756
-2.4435532093048096,2.2443084716796875,0.00028932231361977756
-2.421567440032959,2.2413747310638428,0.00028932231361977756
-2.399148941040039,2.2384235858917236,0.00028932231361977756
-2.376296043395996,2.235445737838745,0.00028932231361977756
-2.3530070781707764,2.232431650161743,0.00028932231361977756
-2.3292806148529053,2.2293717861175537,0.00028932231361977756
-2.305114984512329,2.2262566089630127,0.00028932231361977756
-2.280508518218994,2.223076820373535,0.00028932231361977756
-2.255459785461426,2.219822645187378,0.00028932231361977756
-2.2299671173095703,2.216484785079956,0.00028932231361977756
-2.204028844833374,2.2130539417266846,0.00028932231361977756
-2.177643299102783,2.2095203399658203,0.00028932231361977756
-2.1508090496063232,2.2058746814727783,0.00028932231361977756
-2.1235244274139404,2.2021074295043945,0.00028932231361977756
-2.095787763595581,2.198209047317505,0.00028932231361977756
-2.067596673965454,2.1941726207733154,0.00028932231361977756
-1.9910813570022583,2.183001756668091,0.00028932231361977756
-1.915998101234436,2.171849250793457,0.00028932231361977756
-1.842332363128662,2.1607251167297363,0.00028932231361977756
-1.7700694799423218,2.14963960647583,0.00028932231361977756
-1.6991947889328003,2.1386027336120605,0.00028932231361977756
-1.629693627357483,2.127624750137329,0.00028932231361977756
-1.5615513324737549,2.116715669631958,0.00028932231361977756
-1.4947532415390015,2.1058857440948486,0.00028932231361977756
-1.4292848110198975,2.0951449871063232,0.00028932231361977756
-1.3651312589645386,2.084503650665283,0.00028932231361977756
-1.30227792263031,2.073971748352051,0.00028932231361977756
-1.2407101392745972,2.0635595321655273,0.00028932231361977756
-1.1804133653640747,2.053277015686035,0.00028932231361977756
-1.1213728189468384,2.0431344509124756,0.00028932231361977756
-1.063573956489563,2.033141851425171,0.00028932231361977756
-1.0070019960403442,2.0233094692230225,0.00028932231361977756
-0.9516423344612122,2.0136473178863525,0.00028932231361977756
-0.897480309009552,2.0041656494140625,0.00028932231361977756
-0.844501256942749,1.9948747158050537,0.00028932231361977756
-0.7926905751228333,1.9857844114303589,0.00028932231361977756
-0.7420335412025452,1.9769048690795898,0.00028932231361977756
-0.69251549243927,1.968246340751648,0.00028932231361977756
-0.6441218256950378,1.9598188400268555,0.00028932231361977756
-0.5968378186225891,1.9516326189041138,0.00028932231361977756
-0.5506488680839539,1.9436976909637451,0.00028932231361977756
-0.5055403113365173,1.9360243082046509,0.00028932231361977756
-0.4614974558353424,1.9286224842071533,0.00028932231361977756
-0.4185056686401367,1.9215024709701538,0.00028932231361977756
-0.3765502870082855,1.9146744012832642,0.00028932231361977756
-0.3356166481971741,1.9081482887268066,0.00028932231361977756
-0.2956900894641876,1.9019343852996826,0.00028932231361977756
-0.2567559778690338,1.8960427045822144,0.00028932231361977756
-0.21879960596561432,1.8904834985733032,0.00028932231361977756
-0.18180637061595917,1.8852667808532715,0.00028932231361977756
-0.14576159417629242,1.8804028034210205,0.00028932231361977756
-0.11065062135457993,1.875901699066162,0.00028932231361977756
-0.07645878195762634,1.8717734813690186,0.00028932231361977756
-0.04317142069339752,1.8680284023284912,0.00028932231361977756
-0.010773885995149612,1.8646764755249023,0.00028932231361977756
0.020748481154441833,1.8617279529571533,0.00028932231361977756
0.05141033977270126,1.8591928482055664,0.00028932231361977756
0.08122634142637253,1.857081413269043,0.00028932231361977756
0.11021115630865097,1.8554037809371948,0.00028932231361977756
0.13837943971157074,1.8541699647903442,0.00028932231361977756
0.1657458394765854,1.8533902168273926,0.00028932231361977756
0.19232502579689026,1.853074550628662,0.00028932231361977756
0.2181316465139389,1.8532332181930542,0.00028932231361977756
0.24318036437034607,1.8538762331008911,0.00028932231361977756
0.2674858272075653,1.8550138473510742,0.00028932231361977756
0.29106271266937256,1.8566561937332153,0.00028932231361977756
0.31392568349838257,1.8588132858276367,0.00028932231361977756
0.3360893726348877,1.8614953756332397,0.00028932231361977756
0.3575684428215027,1.8647124767303467,0.00028932231361977756
0.3783775568008423,1.8684748411178589,0.00028932231361977756
0.39853137731552124,1.8727926015853882,0.00028932231361977756
0.4180445671081543,1.8776757717132568,0.00028932231361977756
0.4369317889213562,1.8831346035003662,0.00028932231361977756
0.4552076756954193,1.8891791105270386,0.00028932231361977756
0.4728868901729584,1.8958195447921753,0.00028932231361977756
0.48998409509658813,1.9030660390853882,0.00028932231361977756
0.5065139532089233,1.9109286069869995,0.00028932231361977756
0.5224910974502563,1.9194175004959106,0.00028932231361977756
0.5379302501678467,1.9285427331924438,0.00028932231361977756
0.5528460144996643,1.9383145570755005,0.00028932231361977756
0.567253053188324,1.9487431049346924,0.00028932231361977756
0.5811660289764404,1.9598383903503418,0.00028932231361977756
0.5945996046066284,1.97161066532135,0.00028932231361977756
0.6075684428215027,1.9840699434280396,0.00028932231361977756
0.620087206363678,1.9972264766693115,0.00028932231361977756
0.632170557975769,2.0110902786254883,0.00028932231361977756
0.6438331007957458,2.0256717205047607,0.00028932231361977756
0.6550895571708679,2.040980577468872,0.00028932231361977756
0.6659545302391052,2.0570273399353027,0.00028932231361977756
0.6764427423477173,2.073821783065796,0.00028932231361977756
0.6865687966346741,2.091374397277832,0.00028932231361977756
0.6963473558425903,2.1096951961517334,0.00028932231361977756
0.7057931423187256,2.1287941932678223,0.00028932231361977756
0.7149207592010498,2.148681640625,0.00028932231361977756
0.7237448692321777,2.169367551803589,0.00028932231361977756
0.7322801351547241,2.1908621788024902,0.00028932231361977756
0.7405411601066589,2.2131755352020264,0.00028932231361977756
0.7485426664352417,2.2363178730010986,0.00028932231361977756
0.7562993168830872,2.2602992057800293,0.00028932231361977756
0.7638257741928101,2.2851297855377197,0.00028932231361977756
0.7711366415023804,2.310819625854492,0.00028932231361977756
0.7782466411590576,2.337378978729248,0.00028932231361977756
0.7851703763008118,2.3648178577423096,0.00028932231361977756
0.7919225096702576,2.393146514892578,0.00028932231361977756
0.7985177040100098,2.422375202178955,0.00028932231361977756
0.8049706816673279,2.4525136947631836,0.00028932231361977756
0.8112960457801819,2.483572483062744,0.00028932231361977756
0.8175084590911865,2.515561580657959,0.00028932231361977756
0.8236225843429565,2.5484910011291504,0.00028932231361977756
0.8296530246734619,2.5823709964752197,0.00028932231361977756
0.8356145024299622,2.6172115802764893,0.00028932231361977756
0.841521680355072,2.6530230045318604,0.00028932231361977756
0.8473891615867615,2.6898152828216553,0.00028932231361977756
0.85323166847229,2.7275986671447754,0.00028932231361977756
0.8590638041496277,2.766383171081543,0.00028932231361977756
0.8648996949195862,2.8061797618865967,0.00028932231361977756
0.8695341944694519,2.8399877548217773,0.00028932231361977756
0.8735231757164001,2.872976303100586,0.00028932231361977756
0.8768795132637024,2.9051589965820312,0.00028932231361977756
0.8796162605285645,2.936549425125122,0.00028932231361977756
0.8817462921142578,2.967161178588867,0.00028932231361977756
0.8832826018333435,2.9970076084136963,0.00028932231361977756
0.8842381834983826,3.0261025428771973,0.00028932231361977756
0.8846259713172913,3.0544593334198,0.00028932231361977756
0.8844589591026306,3.0820915699005127,0.00028932231361977756
0.8837500810623169,3.1090128421783447,0.00028932231361977756
0.8825123310089111,3.1352367401123047,0.00028932231361977756
0.8807586431503296,3.1607768535614014,0.00028932231361977756
0.8785020112991333,3.1856467723846436,0.00028932231361977756
0.8757553696632385,3.209859848022461,0.00028932231361977756
0.8725316524505615,3.2334299087524414,0.00028932231361977756
0.8688439130783081,3.2563703060150146,0.00028932231361977756
0.8647050261497498,3.2786946296691895,0.00028932231361977756
0.8601279854774475,3.3004164695739746,0.00028932231361977756
0.8551257848739624,3.321549654006958,0.00028932231361977756
0.8497113585472107,3.3421072959899902,0.00028932231361977756
0.8438977003097534,3.362103223800659,0.00028932231361977756
0.8376977443695068,3.3815510272979736,0.00028932231361977756
0.8311244249343872,3.4004642963409424,0.00028932231361977756
0.8241907358169556,3.418856382369995,0.00028932231361977756
0.816909670829773,3.4367408752441406,0.00028932231361977756
0.8092941641807556,3.454131603240967,0.00028932231361977756
0.8013571500778198,3.4710419178009033,0.00028932231361977756
0.7931116223335266,3.487485408782959,0.00028932231361977756
0.784570574760437,3.5034756660461426,0.00028932231361977756
0.7757469415664673,3.519026041030884,0.00028932231361977756
0.7666536569595337,3.5341503620147705,0.00028932231361977756
0.7573037147521973,3.5488622188568115,0.00028932231361977756
0.747710108757019,3.5631749629974365,0.00028932231361977756
0.7378857731819153,3.5771021842956543,0.00028932231361977756
0.7278436422348022,3.5906574726104736,0.00028932231361977756
0.717596709728241,3.6038546562194824,0.00028932231361977756
0.7071579098701477,3.6167068481445312,0.00028932231361977756
0.6965402364730835,3.629227876663208,0.00028932231361977756
0.6857566833496094,3.6414313316345215,0.00028932231361977756
0.6748201847076416,3.6533308029174805,0.00028932231361977756
0.6637436747550964,3.6649396419525146,0.00028932231361977756
0.6525401473045349,3.676271677017212,0.00028932231361977756
0.6412225365638733,3.687340259552002,0.00028932231361977756
0.6298038363456726,3.6981589794158936,0.00028932231361977756
0.6182969808578491,3.7087414264678955,0.00028932231361977756
0.6067149639129639,3.7191011905670166,0.00028932231361977756
0.5950707793235779,3.7292518615722656,0.00028932231361977756
0.5833773016929626,3.7392067909240723,0.00028932231361977756
0.571647584438324,3.7489798069000244,0.00028932231361977756
0.5598945617675781,3.758584499359131,0.00028932231361977756
0.5481311678886414,3.7680342197418213,0.00028932231361977756
0.5363703966140747,3.7773425579071045,0.00028932231361977756
0.5246251821517944,3.7865231037139893,0.00028932231361977756
0.5129085183143616,3.7955894470214844,0.00028932231361977756
0.5012333393096924,3.8045551776885986,0.00028932231361977756
0.4896126091480255,3.813433885574341,0.00028932231361977756
0.478059321641922,3.8222391605377197,0.00028932231361977756
0.4665864109992981,3.830984354019165,0.00028932231361977756
0.45520687103271484,3.8396832942962646,0.00028932231361977756
0.4439336359500885,3.8483493328094482,0.00028932231361977756
0.4327796995639801,3.8569960594177246,0.00028932231361977756
0.4217579960823059,3.8656370639801025,0.00028932231361977756
0.41088148951530457,3.874285936355591,0.00028932231361977756
0.4001631736755371,3.8829562664031982,0.00028932231361977756
0.3896159827709198,3.8916616439819336,0.00028932231361977756
0.3792528808116913,3.9004154205322266,0.00028932231361977756
0.3690868318080902,3.909231424331665,0.00028932231361977756
0.3591308295726776,3.9181230068206787,0.00028932231361977756
0.34939780831336975,3.9271039962768555,0.00028932231361977756
0.3399007320404053,3.936187744140625,0.00028932231361977756
0.3306525647640228,3.945387840270996,0.00028932231361977756
0.32166630029678345,3.9547178745269775,0.00028932231361977756
0.3129548728466034,3.964191436767578,0.00028932231361977756
0.3045312464237213,3.9738218784332275,0.00028932231361977756
0.29640838503837585,3.9836230278015137,0.00028932231361977756
0.28859925270080566,3.993608236312866,0.00028932231361977756
0.2811168134212494,4.003791332244873,0.00028932231361977756
0.2739740312099457,4.014185905456543,0.00028932231361977756
0.2671838700771332,4.024805068969727,0.00028932231361977756
0.26075929403305054,4.035662651062012,0.00028932231361977756
0.2547132670879364,4.046772480010986,0.00028932231361977756
0.2490587830543518,4.058147430419922,0.00028932231361977756
0.24380876123905182,4.0698018074035645,0.00028932231361977756
0.23897618055343628,4.081748962402344,0.00028932231361977756
0.23457399010658264,4.0940022468566895,0.00028932231361977756
0.23061516880989075,4.106575012207031,0.00028932231361977756
0.22711268067359924,4.119481563568115,0.00028932231361977756
0.22407948970794678,4.132734775543213,0.00028932231361977756
0.221528559923172,4.146348476409912,0.00028932231361977756
0.21947284042835236,4.160336494445801,0.00028932231361977756
0.2179253101348877,4.17471170425415,0.00028932231361977756
0.21689893305301666,4.189488410949707,0.00028932231361977756
0.2164066582918167,4.204679489135742,0.00028932231361977756
0.21646146476268768,4.220299243927002,0.00028932231361977756
0.21707630157470703,4.236360549926758,0.00028932231361977756
0.2182641476392746,4.252877235412598,0.00028932231361977756
0.22003795206546783,4.269863128662109,0.00028932231361977756
0.2224106788635254,4.287331581115723,0.00028932231361977756
0.2253953069448471,4.305295944213867,0.00028932231361977756
0.22900477051734924,4.323769569396973,0.00028932231361977756
0.232533261179924,4.339223861694336,0.00028932231361977756
0.23670507967472076,4.35498571395874,0.00028932231361977756
0.24151913821697235,4.37105131149292,0.00028932231361977756
0.246974378824234,4.387416362762451,0.00028932231361977756
0.2530696988105774,4.404077053070068,0.00028932231361977756
0.2598040699958801,4.421029567718506,0.00028932231361977756
0.26717641949653625,4.43826961517334,0.00028932231361977756
0.2751856744289398,4.455793380737305,0.00028932231361977756
0.2838307321071625,4.473597049713135,0.00028932231361977756
0.29311054944992065,4.491676330566406,0.00028932231361977756
0.3030240535736084,4.5100274085998535,0.00028932231361977756
0.31357017159461975,4.528646469116211,0.00028932231361977756
0.32474783062934875,4.547529220581055,0.00028932231361977756
0.33655595779418945,4.566671848297119,0.00028932231361977756
0.3489934802055359,4.586070537567139,0.00028932231361977756
0.3620593547821045,4.605721473693848,0.00028932231361977756
0.3757524788379669,4.625620365142822,0.00028932231361977756
0.3900717794895172,4.645763397216797,0.00028932231361977756
0.4050162136554718,4.666146278381348,0.00028932231361977756
0.42058467864990234,4.686765193939209,0.00028932231361977756
0.43677613139152527,4.707616329193115,0.00028932231361977756
0.4535894989967346,4.728695392608643,0.00028932231361977756
0.47102367877960205,4.749999046325684,0.00028932231361977756
0.489077627658844,4.7715229988098145,0.00028932231361977756
0.5077502727508545,4.793262958526611,0.00028932231361977756
0.5270405411720276,4.815215110778809,0.00028932231361977756
0.5469473600387573,4.837375640869141,0.00028932231361977756
0.5674696564674377,4.859740734100342,0.00028932231361977756
0.5886063575744629,4.882306098937988,0.00028932231361977756
0.6103564500808716,4.9050679206848145,0.00028932231361977756
0.6327188014984131,4.9280219078063965,0.00028932231361977756
0.6556923389434814,4.951164722442627,0.00028932231361977756
0.6792759895324707,4.974492073059082,0.00028932231361977756
0.7034686803817749,4.997999668121338,0.00028932231361977756
0.7282693982124329,5.021684169769287,0.00028932231361977756
0.7536770105361938,5.045541286468506,0.00028932231361977756
0.7796905040740967,5.06956672668457,0.00028932231361977756
0.8063087463378906,5.093757152557373,0.00028932231361977756
0.8335306644439697,5.11810827255249,0.00028932231361977756
0.8613552451133728,5.142615795135498,0.00028932231361977756
0.8897814154624939,5.167276382446289,0.00028932231361977756
0.9188080430030823,5.1920857429504395,0.00028932231361977756
0.9484341144561768,5.217039585113525,0.00028932231361977756
0.9786584973335266,5.2421345710754395,0.00028932231361977756
1.0094802379608154,5.267366409301758,0.00028932231361977756
1.040898084640503,5.292731285095215,0.00028932231361977756
1.0729111433029175,5.318224906921387,0.00028932231361977756
1.1055182218551636,5.343843460083008,0.00028932231361977756
1.1387183666229248,5.3695831298828125,0.00028932231361977756
1.1725103855133057,5.395440101623535,0.00028932231361977756
1.2068933248519897,5.421410083770752,0.00028932231361977756
1.2418659925460815,5.447489261627197,0.00028932231361977756
1.2774274349212646,5.473673343658447,0.00028932231361977756
1.3135764598846436,5.499958515167236,0.00028932231361977756
1.3503121137619019,5.526340961456299,0.00028932231361977756
1.387633204460144,5.552816867828369,0.00028932231361977756
1.4255387783050537,5.579381942749023,0.00028932231361977756
1.4640276432037354,5.606032371520996,0.00028932231361977756
1.5030988454818726,5.632763862609863,0.00028932231361977756
1.5427513122558594,5.659573078155518,0.00028932231361977756
1.5829838514328003,5.686455249786377,0.00028932231361977756
1.623795509338379,5.713407039642334,0.00028932231361977756
1.6651852130889893,5.740424156188965,0.00028932231361977756
1.7071517705917358,5.767502784729004,0.00028932231361977756
1.7496942281723022,5.7946391105651855,0.00028932231361977756
1.7928115129470825,5.821828842163086,0.00028932231361977756
1.8365024328231812,5.8490681648254395,0.00028932231361977756
1.8807660341262817,5.8763532638549805,0.00028932231361977756
1.9256012439727783,5.903679847717285,0.00028932231361977756
1.971006989479065,5.931044101715088,0.00028932231361977756
2.016982316970825,5.958442211151123,0.00028932231361977756
2.063525915145874,5.985869884490967,0.00028932231361977756
2.1106367111206055,6.0133233070373535,0.00028932231361977756
2.158313751220703,6.040798664093018,0.00028932231361977756
2.2065560817718506,6.068292140960693,0.00028932231361977756
2.2553625106811523,6.095799446105957,0.00028932231361977756
2.304731845855713,6.123316287994385,0.00028932231361977756
2.354663133621216,6.150839328765869,0.00028932231361977756
2.4051551818847656,6.178364276885986,0.00028932231361977756
2.456207275390625,6.205887317657471,0.00028932231361977756
2.5078179836273193,6.233404159545898,0.00028932231361977756
2.5599863529205322,6.260910987854004,0.00028932231361977756
2.6127114295959473,6.2884039878845215,0.00028932231361977756
2.665992021560669,6.3158793449401855,0.00028932231361977756
2.7198269367218018,6.343332767486572,0.00028932231361977756
2.7742152214050293,6.370760440826416,0.00028932231361977756
2.829155921936035,6.398158073425293,0.00028932231361977756
2.884647846221924,6.425522327423096,0.00028932231361977756
2.9406898021698,6.452848434448242,0.00028932231361977756
2.997281074523926,6.480133056640625,0.00028932231361977756
3.054420232772827,6.50737190246582,0.00028932231361977756
3.1121063232421875,6.5345611572265625,0.00028932231361977756
3.1703383922576904,6.561697006225586,0.00028932231361977756
3.2291152477264404,6.588775157928467,0.00028932231361977756
3.288435935974121,6.6157917976379395,0.00028932231361977756
3.348299264907837,6.642743110656738,0.00028932231361977756
3.4087040424346924,6.6696248054504395,0.00028932231361977756
3.46964955329895,6.696433067321777,0.00028932231361977756
3.5311343669891357,6.723164081573486,0.00028932231361977756
3.5931527614593506,6.749814033508301,0.00028932231361977756
3.63822078704834,6.7704010009765625,0.00028932231361977756
3.6810495853424072,6.792667388916016,0.00028932231361977756
3.72168231010437,6.816577434539795,0.00028932231361977756
3.760161876678467,6.842094898223877,0.00028932231361977756
3.7965312004089355,6.869183540344238,0.00028932231361977756
3.8308334350585938,6.8978071212768555,0.00028932231361977756
3.863111734390259,6.927929401397705,0.00028932231361977756
3.893409013748169,6.959514141082764,0.00028932231361977756
3.9217681884765625,6.992525100708008,0.00028932231361977756
3.948232412338257,7.026926040649414,0.00028932231361977756
3.9728448390960693,7.062680721282959,0.00028932231361977756
3.9956483840942383,7.099752902984619,0.00028932231361977756
4.016685962677002,7.138106346130371,0.00028932231361977756
4.036000728607178,7.177704811096191,0.00028932231361977756
4.053635597229004,7.218512058258057,0.00028932231361977756
4.069633483886719,7.260491847991943,0.00028932231361977756
4.084037780761719,7.303608417510986,0.00028932231361977756
4.096891403198242,7.347825050354004,0.00028932231361977756
4.108237266540527,7.393105506896973,0.00028932231361977756
4.1181182861328125,7.439413547515869,0.00028932231361977756
4.126577854156494,7.486713409423828,0.00028932231361977756
4.1336588859558105,7.534968376159668,0.00028932231361977756
4.139404296875,7.584142684936523,0.00028932231361977756
4.143857002258301,7.634199619293213,0.00028932231361977756
4.147060394287109,7.685102939605713,0.00028932231361977756
4.149056911468506,7.736816883087158,0.00028932231361977756
4.149889945983887,7.789305210113525,0.00028932231361977756
4.149602890014648,7.842531204223633,0.00028932231361977756
4.148238182067871,7.896459102630615,0.00028932231361977756
4.145839214324951,7.951052188873291,0.00028932231361977756
4.142448902130127,8.006274223327637,0.00028932231361977756
4.138110160827637,8.062089920043945,0.00028932231361977756
4.132865905761719,8.118462562561035,0.00028932231361977756
4.1267595291137695,8.175355911254883,0.00028932231361977756
4.119833946228027,8.232732772827148,0.00028932231361977756
4.1121320724487305,8.290557861328125,0.00028932231361977756
4.103697299957275,8.348794937133789,0.00028932231361977756
4.094572067260742,8.407407760620117,0.00028932231361977756
4.084799766540527,8.466360092163086,0.00028932231361977756
4.074423313140869,8.525615692138672,0.00028932231361977756
4.063485622406006,8.585138320922852,0.00028932231361977756
4.052030086517334,8.644891738891602,0.00028932231361977756
4.040099620819092,8.704839706420898,0.00028932231361977756
4.027737140655518,8.764945983886719,0.00028932231361977756
4.01498556137085,8.825174331665039,0.00028932231361977756
4.001887798309326,8.885488510131836,0.00028932231361977756
3.9884872436523438,8.945852279663086,0.00028932231361977756
3.9748268127441406,9.006229400634766,0.00028932231361977756
3.960949659347534,9.066583633422852,0.00028932231361977756
3.9468986988067627,9.12687873840332,0.00028932231361977756
3.9327168464660645,9.187079429626465,0.00028932231361977756
3.918447256088257,9.247148513793945,0.00028932231361977756
3.904132843017578,9.307049751281738,0.00028932231361977756
3.8898167610168457,9.36674690246582,0.00028932231361977756
3.875541925430298,9.426203727722168,0.00028932231361977756
3.861351490020752,9.485383987426758,0.00028932231361977756
3.8472883701324463,9.544252395629883,0.00028932231361977756
3.8333957195281982,9.602771759033203,0.00028932231361977756
3.819716453552246,9.660905838012695,0.00028932231361977756
3.8062937259674072,9.718618392944336,0.00028932231361977756
3.79317045211792,9.775874137878418,0.00028932231361977756
3.7803895473480225,9.832635879516602,0.00028932231361977756
3.7679941654205322,9.888867378234863,0.00028932231361977756
3.7560274600982666,9.944533348083496,0.00028932231361977756
3.744532346725464,9.99959659576416,0.00028932231361977756
3.7335517406463623,10.054020881652832,0.00028932231361977756
3.7231287956237793,10.107770919799805,0.00028932231361977756
3.7133066654205322,10.160809516906738,0.00028932231361977756
3.7041282653808594,10.21310043334961,0.00028932231361977756
3.695636510848999,10.264608383178711,0.00028932231361977756
3.6878745555877686,10.315296173095703,0.00028932231361977756
3.6808853149414062,10.365128517150879,0.00028932231361977756
3.6747119426727295,10.414068222045898,0.00028932231361977756
3.6693973541259766,10.462080001831055,0.00028932231361977756
3.664984703063965,10.509126663208008,0.00028932231361977756
3.6615169048309326,10.55517292022705,0.00028932231361977756
3.6590371131896973,10.600181579589844,0.00028932231361977756
3.657588243484497,10.64411735534668,0.00028932231361977756
3.6572134494781494,10.686943054199219,0.00028932231361977756
3.6579556465148926,10.728623390197754,0.00028932231361977756
3.659857749938965,10.769121170043945,0.00028932231361977756
3.6629629135131836,10.808401107788086,0.00028932231361977756
3.667314291000366,10.846426963806152,0.00028932231361977756
3.672954797744751,10.883161544799805,0.00028932231361977756
3.679927349090576,10.918569564819336,0.00028932231361977756
3.688275098800659,10.952613830566406,0.00028932231361977756
3.6980412006378174,10.985259056091309,0.00028932231361977756
3.709268569946289,11.01646900177002,0.00028932231361977756
3.7220001220703125,11.046207427978516,0.00028932231361977756
3.736279010772705,11.074437141418457,0.00028932231361977756
3.752148151397705,11.101122856140137,0.00028932231361977756
3.76965069770813,11.126228332519531,0.00028932231361977756
3.7888295650482178,11.1497163772583,0.00028932231361977756
3.809727907180786,11.171551704406738,0.00028932231361977756
3.8323886394500732,11.19169807434082,0.00028932231361977756
3.8568549156188965,11.210119247436523,0.00028932231361977756
3.883169651031494,11.226778984069824,0.00028932231361977756
3.9113757610321045,11.241640090942383,0.00028932231361977756
3.941516637802124,11.254667282104492,0.00028932231361977756
3.973633050918579,11.265827178955078,0.00028932231361977756
4.009030342102051,11.276510238647461,0.00028932231361977756
4.044227123260498,11.286665916442871,0.00028932231361977756
4.079225540161133,11.296279907226562,0.00028932231361977756
4.114027500152588,11.305337905883789,0.00028932231361977756
4.148634910583496,11.313826560974121,0.00028932231361977756
4.183050155639648,11.321730613708496,0.00028932231361977756
4.217275142669678,11.329036712646484,0.00028932231361977756
4.251311779022217,11.33573055267334,0.00028932231361977756
4.285162448883057,11.341797828674316,0.00028932231361977756
4.318828582763672,11.347224235534668,0.00028932231361977756
4.3523125648498535,11.351996421813965,0.00028932231361977756
4.385616779327393,11.356100082397461,0.00028932231361977756
4.418743133544922,11.35952091217041,0.00028932231361977756
4.451693534851074,11.362244606018066,0.00028932231361977756
4.484469890594482,11.364256858825684,0.00028932231361977756
4.517074108123779,11.365544319152832,0.00028932231361977756
4.549508571624756,11.366092681884766,0.00028932231361977756
4.581775188446045,11.365887641906738,0.00028932231361977756
4.613875865936279,11.364914894104004,0.00028932231361977756
4.64581298828125,11.363161087036133,0.00028932231361977756
4.67758846282959,11.360610961914062,0.00028932231361977756
4.709204196929932,11.357251167297363,0.00028932231361977756
4.740662574768066,11.353068351745605,0.00028932231361977756
4.771965503692627,11.348047256469727,0.00028932231361977756
4.803114891052246,11.34217357635498,0.00028932231361977756
4.834112644195557,11.335433959960938,0.00028932231361977756
4.86496114730835,11.327814102172852,0.00028932231361977756
4.8956618309021,11.319299697875977,0.00028932231361977756
4.926217555999756,11.309877395629883,0.00028932231361977756
4.956629753112793,11.299531936645508,0.00028932231361977756
4.986900806427002,11.288249969482422,0.00028932231361977756
5.017032623291016,11.276017189025879,0.00028932231361977756
5.047027111053467,11.262819290161133,0.00028932231361977756
5.0768866539001465,11.248642921447754,0.00028932231361977756
5.1066131591796875,11.23347282409668,0.00028932231361977756
5.136208534240723,11.21729564666748,0.00028932231361977756
5.165674686431885,11.20009708404541,0.00028932231361977756
5.195013999938965,11.181862831115723,0.00028932231361977756
5.224228382110596,11.162579536437988,0.00028932231361977756
5.25331974029541,11.142232894897461,0.00028932231361977756
5.282290458679199,11.120808601379395,0.00028932231361977756
5.311142444610596,11.098292350769043,0.00028932231361977756
5.339877605438232,11.07466983795166,0.00028932231361977756
5.368497848510742,11.0499267578125,0.00028932231361977756
5.397005558013916,11.024049758911133,0.00028932231361977756
5.425402641296387,10.997024536132812,0.00028932231361977756
5.453691005706787,10.968836784362793,0.00028932231361977756
5.481873035430908,10.939473152160645,0.00028932231361977756
5.509950637817383,10.908918380737305,0.00028932231361977756
5.537925720214844,10.877159118652344,0.00028932231361977756
5.565800189971924,10.844181060791016,0.00028932231361977756
5.593576431274414,10.809969902038574,0.00028932231361977756
5.621256351470947,10.77451229095459,0.00028932231361977756
5.648841857910156,10.73779296875,0.00028932231361977756
5.676334857940674,10.699798583984375,0.00028932231361977756
5.703737735748291,10.660514831542969,0.00028932231361977756
5.731052398681641,10.619927406311035,0.00028932231361977756
5.758281230926514,10.578022956848145,0.00028932231361977756
5.785425662994385,10.53478717803955,0.00028932231361977756
5.812488079071045,10.490205764770508,0.00028932231361977756
5.839470386505127,10.44426441192627,0.00028932231361977756
5.866374969482422,10.39694881439209,0.00028932231361977756
5.8932037353515625,10.348244667053223,0.00028932231361977756
5.919958591461182,10.298138618469238,0.00028932231361977756
5.946641445159912,10.24661636352539,0.00028932231361977756
5.973254680633545,10.193663597106934,0.00028932231361977756
5.999800205230713,10.139266967773438,0.00028932231361977756
6.026279926300049,10.08341121673584,0.00028932231361977756
6.0526957511901855,10.026082992553711,0.00028932231361977756
6.079050064086914,9.967267990112305,0.00028932231361977756
6.105344772338867,9.906951904296875,0.00028932231361977756
6.131581783294678,9.845121383666992,0.00028932231361977756
6.157763481140137,9.781761169433594,0.00028932231361977756
6.183891773223877,9.71685791015625,0.00028932231361977756
6.209968566894531,9.650397300720215,0.00028932231361977756
6.235995769500732,9.582365036010742,0.00028932231361977756
6.2619757652282715,9.512747764587402,0.00028932231361977756
6.287910461425781,9.441530227661133,0.00028932231361977756
6.3138017654418945,9.368699073791504,0.00028932231361977756
6.339652061462402,9.29423999786377,0.00028932231361977756
6.3654632568359375,9.2181396484375,0.00028932231361977756
6.391237258911133,9.140382766723633,0.00028932231361977756
6.416975975036621,9.060956001281738,0.00028932231361977756
6.442681789398193,8.97984504699707,0.00028932231361977756
6.468356609344482,8.897035598754883,0.00028932231361977756
6.494002342224121,8.81251335144043,0.00028932231361977756
6.5196213722229,8.726264953613281,0.00028932231361977756
6.545215606689453,8.638276100158691,0.00028932231361977756
6.570786952972412,8.548532485961914,0.00028932231361977756
6.59633731842041,8.457019805908203,0.00028932231361977756
6.621869087219238,8.363723754882812,0.00028932231361977756
6.647384166717529,8.268630981445312,0.00028932231361977756
6.672884464263916,8.171727180480957,0.00028932231361977756
6.6983723640441895,8.072998046875,0.00028932231361977756
6.723849296569824,7.9724297523498535,0.00028932231361977756
6.749317646026611,7.870007514953613,0.00028932231361977756
6.774779796600342,7.765717506408691,0.00028932231361977756
6.80023717880249,7.6595458984375,0.00028932231361977756
6.825692176818848,7.551478385925293,0.00028932231361977756
6.851144790649414,7.441507816314697,0.00028932231361977756
6.857859134674072,7.409706115722656,0.00028932231361977756
6.863211154937744,7.378834247589111,0.00028932231361977756
6.86722993850708,7.348869800567627,0.00028932231361977756
6.8699445724487305,7.319791793823242,0.00028932231361977756
6.871384620666504,7.2915778160095215,0.00028932231361977756
6.871579170227051,7.264206409454346,0.00028932231361977756
6.8705573081970215,7.237656116485596,0.00028932231361977756
6.868348598480225,7.211905002593994,0.00028932231361977756
6.864982604980469,7.186931133270264,0.00028932231361977756
6.860487937927246,7.162712574005127,0.00028932231361977756
6.854894161224365,7.139228343963623,0.00028932231361977756
6.848230361938477,7.116456031799316,0.00028932231361977756
6.840526103973389,7.094374179840088,0.00028932231361977756
6.831810474395752,7.07296085357666,0.00028932231361977756
6.822113037109375,7.052194595336914,0.00028932231361977756
6.811462879180908,7.032053470611572,0.00028932231361977756
6.799889087677002,7.012516021728516,0.00028932231361977756
6.787421226501465,6.993560314178467,0.00028932231361977756
6.774088382720947,6.975164413452148,0.00028932231361977756
6.7599196434021,6.957306861877441,0.00028932231361977756
6.7449445724487305,6.939965724945068,0.00028932231361977756
6.72919225692749,6.92311954498291,0.00028932231361977756
6.712691783905029,6.9067463874816895,0.00028932231361977756
6.695472717285156,6.890824794769287,0.00028932231361977756
6.6775641441345215,6.875332832336426,0.00028932231361977756
6.658995628356934,6.860248565673828,0.00028932231361977756
6.639796257019043,6.845550537109375,0.00028932231361977756
6.6199951171875,6.831216812133789,0.00028932231361977756
6.599621772766113,6.817225456237793,0.00028932231361977756
6.578705310821533,6.803555011749268,0.00028932231361977756
6.557275295257568,6.790184020996094,0.00028932231361977756
6.535360336303711,6.777090072631836,0.00028932231361977756
6.512990474700928,6.764252185821533,0.00028932231361977756
6.490194320678711,6.75164794921875,0.00028932231361977756
6.467001438140869,6.739255905151367,0.00028932231361977756
6.443441390991211,6.727054595947266,0.00028932231361977756
6.4195427894592285,6.715022087097168,0.00028932231361977756
6.395335674285889,6.703136444091797,0.00028932231361977756
6.370848655700684,6.691376209259033,0.00028932231361977756
6.346111297607422,6.6797194480896,0.00028932231361977756
6.321152687072754,6.668144226074219,0.00028932231361977756
6.296002388000488,6.6566290855407715,0.00028932231361977756
6.270689487457275,6.645152568817139,0.00028932231361977756
6.245243072509766,6.633692264556885,0.00028932231361977756
6.219692707061768,6.622227191925049,0.00028932231361977756
6.194067478179932,6.610734939575195,0.00028932231361977756
6.168396472930908,6.599194049835205,0.00028932231361977756
6.142709255218506,6.587583065032959,0.00028932231361977756
6.117035388946533,6.57588005065918,0.00028932231361977756
6.091403484344482,6.56406307220459,0.00028932231361977756
6.065843105316162,6.55211067199707,0.00028932231361977756
6.040383338928223,6.540000915527344,0.00028932231361977756
6.015053749084473,6.527711868286133,0.00028932231361977756
5.9898834228515625,6.515222072601318,0.00028932231361977756
5.964901924133301,6.502509593963623,0.00028932231361977756
5.940138339996338,6.489552974700928,0.00028932231361977756
5.915621757507324,6.476330280303955,0.00028932231361977756
5.891381740570068,6.462820053100586,0.00028932231361977756
5.867447376251221,6.449000358581543,0.00028932231361977756
5.843847751617432,6.434849262237549,0.00028932231361977756
5.82061243057251,6.420345306396484,0.00028932231361977756
5.7977705001831055,6.405466556549072,0.00028932231361977756
5.775351047515869,6.390191555023193,0.00028932231361977756
5.753383636474609,6.37449836730957,0.00028932231361977756
5.731897354125977,6.358365535736084,0.00028932231361977756
5.710921764373779,6.341770648956299,0.00028932231361977756
5.690485954284668,6.324692726135254,0.00028932231361977756
5.670619010925293,6.307109832763672,0.00028932231361977756
5.651350498199463,6.289000034332275,0.00028932231361977756
5.632709503173828,6.270341396331787,0.00028932231361977756
5.614725589752197,6.251112461090088,0.00028932231361977756
5.597427845001221,6.231291770935059,0.00028932231361977756
5.580845355987549,6.210856914520264,0.00028932231361977756
5.565007209777832,6.189786911010742,0.00028932231361977756
5.549942970275879,6.168059349060059,0.00028932231361977756
5.535682201385498,6.145652770996094,0.00028932231361977756
5.522253513336182,6.1225457191467285,0.00028932231361977756
5.5096869468688965,6.0987162590026855,0.00028932231361977756
5.498011112213135,6.0741424560546875,0.00028932231361977756
5.487255573272705,6.048802852630615,0.00028932231361977756
5.477449417114258,6.022675514221191,0.00028932231361977756
5.468622207641602,5.995738506317139,0.00028932231361977756
5.460803031921387,5.967970371246338,0.00028932231361977756
5.454020977020264,5.93934965133667,0.00028932231361977756
5.448305606842041,5.909853935241699,0.00028932231361977756
5.443686008453369,5.879462242126465,0.00028932231361977756
5.440191268920898,5.848152160644531,0.00028932231361977756
5.4378509521484375,5.815902233123779,0.00028932231361977756
5.436694622039795,5.78269100189209,0.00028932231361977756
5.436750888824463,5.748496055603027,0.00028932231361977756
5.43804931640625,5.713296413421631,0.00028932231361977756
5.440619468688965,5.677069664001465,0.00028932231361977756
5.4444899559021,5.63979434967041,0.00028932231361977756
5.449690341949463,5.601449012756348,0.00028932231361977756
5.456250190734863,5.56201171875,0.00028932231361977756
5.464198589324951,5.52146053314209,0.00028932231361977756
5.473564624786377,5.479773998260498,0.00028932231361977756
5.484377861022949,5.436930179595947,0.00028932231361977756
5.496667385101318,5.392907619476318,0.00028932231361977756
5.5104594230651855,5.347681999206543,0.00028932231361977756
5.5229172706604,5.308501243591309,0.00028932231361977756
5.535077095031738,5.270322322845459,0.00028932231361977756
5.546936511993408,5.233129978179932,0.00028932231361977756
5.558492660522461,5.196909427642822,0.00028932231361977756
5.569742679595947,5.16164493560791,0.00028932231361977756
5.580684185028076,5.127321720123291,0.00028932231361977756
5.591314315795898,5.093924522399902,0.00028932231361977756
5.601630687713623,5.061437606811523,0.00028932231361977756
5.611629962921143,5.02984619140625,0.00028932231361977756
5.621309757232666,4.9991350173950195,0.00028932231361977756
5.630667686462402,4.969288349151611,0.00028932231361977756
5.639700889587402,4.940291404724121,0.00028932231361977756
5.648406505584717,4.912128925323486,0.00028932231361977756
5.6567816734313965,4.8847856521606445,0.00028932231361977756
5.66482400894165,4.858246326446533,0.00028932231361977756
5.672530651092529,4.83249568939209,0.00028932231361977756
5.679898738861084,4.807518482208252,0.00028932231361977756
5.686925888061523,4.783299446105957,0.00028932231361977756
5.693609237670898,4.759823799133301,0.00028932231361977756
5.69994592666626,4.7370758056640625,0.00028932231361977756
5.705933570861816,4.71504020690918,0.00028932231361977756
5.711569309234619,4.69370174407959,0.00028932231361977756
5.716850757598877,4.673045635223389,0.00028932231361977756
5.721774578094482,4.6530561447143555,0.00028932231361977756
5.7263383865356445,4.633718013763428,0.00028932231361977756
5.730539798736572,4.615016460418701,0.00028932231361977756
5.734375953674316,4.596935749053955,0.00028932231361977756
5.737843990325928,4.579461097717285,0.00028932231361977756
5.740941047668457,4.562577247619629,0.00028932231361977756
5.743664741516113,4.546268463134766,0.00028932231361977756
5.746012210845947,4.530519962310791,0.00028932231361977756
5.74798059463501,4.515316486358643,0.00028932231361977756
5.74956750869751,4.500642776489258,0.00028932231361977756
5.750770092010498,4.486483097076416,0.00028932231361977756
5.751585483551025,4.472822666168213,0.00028932231361977756
5.752011299133301,4.459646224975586,0.00028932231361977756
5.752044677734375,4.446938514709473,0.00028932231361977756
5.751683235168457,4.4346842765808105,0.00028932231361977756
5.7509236335754395,4.422868251800537,0.00028932231361977756
5.749763488769531,4.41147518157959,0.00028932231361977756
5.748200416564941,4.4004902839660645,0.00028932231361977756
5.7462310791015625,4.38989782333374,0.00028932231361977756
5.7438530921936035,4.379682540893555,0.00028932231361977756
5.741064071655273,4.369829177856445,0.00028932231361977756
5.737861156463623,4.360322952270508,0.00028932231361977756
5.734241485595703,4.3511481285095215,0.00028932231361977756
5.7302021980285645,4.342289924621582,0.00028932231361977756
5.725740909576416,4.333732604980469,0.00028932231361977756
5.720854759216309,4.325461387634277,0.00028932231361977756
5.715540885925293,4.317460536956787,0.00028932231361977756
5.709796905517578,4.309715270996094,0.00028932231361977756
5.703619956970215,4.302209854125977,0.00028932231361977756
5.697007179260254,4.294929504394531,0.00028932231361977756
5.689956188201904,4.287858963012695,0.00028932231361977756
5.682464122772217,4.280982971191406,0.00028932231361977756
5.674528121948242,4.274285793304443,0.00028932231361977756
5.6661458015441895,4.267752647399902,0.00028932231361977756
5.657314300537109,4.261368274688721,0.00028932231361977756
5.648031234741211,4.255117416381836,0.00028932231361977756
5.638293266296387,4.2489848136901855,0.00028932231361977756
5.628098011016846,4.242955207824707,0.00028932231361977756
5.617443084716797,4.237013339996338,0.00028932231361977756
5.606325149536133,4.231144428253174,0.00028932231361977756
5.5947418212890625,4.225332736968994,0.00028932231361977756
5.582690715789795,4.219563007354736,0.00028932231361977756
5.570168972015381,4.213819980621338,0.00028932231361977756
5.557173728942871,4.2080888748168945,0.00028932231361977756
5.543702125549316,4.2023539543151855,0.00028932231361977756
5.529751777648926,4.196600437164307,0.00028932231361977756
5.51531982421875,4.190812587738037,0.00028932231361977756
5.50040340423584,4.184975624084473,0.00028932231361977756
5.485000133514404,4.179073810577393,0.00028932231361977756
5.469107151031494,4.173092365264893,0.00028932231361977756
5.45272159576416,4.167015552520752,0.00028932231361977756
5.435841083526611,4.160828590393066,0.00028932231361977756
5.418462753295898,4.154516220092773,0.00028932231361977756
5.400583744049072,4.1480631828308105,0.00028932231361977756
5.382201671600342,4.141454219818115,0.00028932231361977756
5.363313674926758,4.134673595428467,0.00028932231361977756
5.343917369842529,4.127706527709961,0.00028932231361977756
5.324009418487549,4.120537757873535,0.00028932231361977756
5.303587436676025,4.113152027130127,0.00028932231361977756
5.282649040222168,4.105534076690674,0.00028932231361977756
5.261190891265869,4.0976691246032715,0.00028932231361977756
5.239210605621338,4.089541435241699,0.00028932231361977756
5.216705799102783,4.0811357498168945,0.00028932231361977756
5.193673133850098,4.072436809539795,0.00028932231361977756
5.17011022567749,4.063429355621338,0.00028932231361977756
5.14601469039917,4.054098606109619,0.00028932231361977756
5.1213836669921875,4.044428825378418,0.00028932231361977756
5.096214294433594,4.03440523147583,0.00028932231361977756
5.0705037117004395,4.024012088775635,0.00028932231361977756
5.044249534606934,4.013234615325928,0.00028932231361977756
5.017448902130127,4.002057075500488,0.00028932231361977756
4.99009895324707,3.990464448928833,0.00028932231361977756
4.962197303771973,3.9784417152404785,0.00028932231361977756
4.933741092681885,3.965973377227783,0.00028932231361977756
4.904727458953857,3.9530444145202637,0.00028932231361977756
4.8751540184021,3.9396393299102783,0.00028932231361977756
4.8450188636779785,3.9257454872131348,0.00028932231361977756
4.816280364990234,3.9141173362731934,0.00028932231361977756
4.788442611694336,3.9037086963653564,0.00028932231361977756
4.761484146118164,3.8944926261901855,0.00028932231361977756
4.735383987426758,3.8864424228668213,0.00028932231361977756
4.710120677947998,3.8795313835144043,0.00028932231361977756
4.685672760009766,3.873732328414917,0.00028932231361977756
4.662018775939941,3.8690185546875,0.00028932231361977756
4.6391377449035645,3.865363359451294,0.00028932231361977756
4.617008209228516,3.8627398014068604,0.00028932231361977756
4.595608711242676,3.8611209392547607,0.00028932231361977756
4.574917793273926,3.8604800701141357,0.00028932231361977756
4.5549139976501465,3.860790252685547,0.00028932231361977756
4.535576343536377,3.8620247840881348,0.00028932231361977756
4.51688289642334,3.864156723022461,0.00028932231361977756
4.498812675476074,3.867159128189087,0.00028932231361977756
4.481344223022461,3.8710052967071533,0.00028932231361977756
4.464456558227539,3.875668525695801,0.00028932231361977756
4.448127746582031,3.8811216354370117,0.00028932231361977756
4.432336807250977,3.8873379230499268,0.00028932231361977756
4.417062282562256,3.8942906856536865,0.00028932231361977756
4.40228271484375,3.9019529819488525,0.00028932231361977756
4.387977123260498,3.9102978706359863,0.00028932231361977756
4.374123573303223,3.9192986488342285,0.00028932231361977756
4.360701084136963,3.9289283752441406,0.00028932231361977756
4.3476881980896,3.9391603469848633,0.00028932231361977756
4.335063457489014,3.949967622756958,0.00028932231361977756
4.322805881500244,3.9613232612609863,0.00028932231361977756
4.310893535614014,3.973200559616089,0.00028932231361977756
4.299305438995361,3.985572576522827,0.00028932231361977756
4.288020133972168,3.998412609100342,0.00028932231361977756
4.277016639709473,4.011693954467773,0.00028932231361977756
4.266273021697998,4.025389194488525,0.00028932231361977756
4.255768299102783,4.039471626281738,0.00028932231361977756
4.245481014251709,4.053915023803711,0.00028932231361977756
4.235389709472656,4.068691730499268,0.00028932231361977756
4.225472927093506,4.083775520324707,0.00028932231361977756
4.215709209442139,4.099139213562012,0.00028932231361977756
4.206077575683594,4.114756107330322,0.00028932231361977756
4.196556568145752,4.130599498748779,0.00028932231361977756
4.187124729156494,4.146642208099365,0.00028932231361977756
4.177760601043701,4.162857532501221,0.00028932231361977756
4.168443202972412,4.179218769073486,0.00028932231361977756
4.15915060043335,4.195699214935303,0.00028932231361977756
4.149861812591553,4.212271690368652,0.00028932231361977756
4.1405558586120605,4.228909492492676,0.00028932231361977756
4.131210803985596,4.2455854415893555,0.00028932231361977756
4.121805191040039,4.26227331161499,0.00028932231361977756
4.11231803894043,4.2789459228515625,0.00028932231361977756
4.102727890014648,4.295576572418213,0.00028932231361977756
4.093013286590576,4.312138080596924,0.00028932231361977756
4.083153247833252,4.328603744506836,0.00028932231361977756
4.073125839233398,4.34494686126709,0.00028932231361977756
4.062910079956055,4.361140727996826,0.00028932231361977756
4.052484512329102,4.377158164978027,0.00028932231361977756
4.04182767868042,4.392972469329834,0.00028932231361977756
4.030918121337891,4.408556938171387,0.00028932231361977756
4.019734859466553,4.423884391784668,0.00028932231361977756
4.008256435394287,4.438928127288818,0.00028932231361977756
3.9964613914489746,4.4536614418029785,0.00028932231361977756
3.984328269958496,4.468057155609131,0.00028932231361977756
3.9718358516693115,4.482089042663574,0.00028932231361977756
3.9589626789093018,4.495729446411133,0.00028932231361977756
3.9456875324249268,4.5089521408081055,0.00028932231361977756
3.9319889545440674,4.521729946136475,0.00028932231361977756
3.9178454875946045,4.534036636352539,0.00028932231361977756
3.903235912322998,4.545844554901123,0.00028932231361977756
3.888138771057129,4.557127475738525,0.00028932231361977756
3.872532844543457,4.5678582191467285,0.00028932231361977756
3.8563966751098633,4.578010082244873,0.00028932231361977756
3.8397090435028076,4.587555885314941,0.00028932231361977756
3.822448492050171,4.596469402313232,0.00028932231361977756
3.804593563079834,4.6047234535217285,0.00028932231361977756
3.786123037338257,4.612290859222412,0.00028932231361977756
3.7670154571533203,4.619145393371582,0.00028932231361977756
3.7472493648529053,4.625259876251221,0.00028932231361977756
3.7268035411834717,4.630607604980469,0.00028932231361977756
3.7056567668914795,4.635161399841309,0.00028932231361977756
3.6837875843048096,4.638894557952881,0.00028932231361977756
3.6611745357513428,4.641780376434326,0.00028932231361977756
3.63779616355896,4.643792152404785,0.00028932231361977756
3.613631248474121,4.64490270614624,0.00028932231361977756
3.588658571243286,4.645085334777832,0.00028932231361977756
3.562856674194336,4.644313335418701,0.00028932231361977756
3.5362040996551514,4.642560005187988,0.00028932231361977756
3.5086796283721924,4.639798164367676,0.00028932231361977756
3.48026180267334,4.636001110076904,0.00028932231361977756
3.4509291648864746,4.631141662597656,0.00028932231361977756
3.4206604957580566,4.6251935958862305,0.00028932231361977756
3.389434337615967,4.618129730224609,0.00028932231361977756
3.357229471206665,4.609922885894775,0.00028932231361977756
3.3240244388580322,4.600546836853027,0.00028932231361977756
3.2897980213165283,4.589974403381348,0.00028932231361977756
3.254528760910034,4.578178882598877,0.00028932231361977756
3.2181951999664307,4.565133094787598,0.00028932231361977756
3.1807761192321777,4.55081033706665,0.00028932231361977756
3.1422500610351562,4.535183906555176,0.00028932231361977756
3.102595806121826,4.5182271003723145,0.00028932231361977756
3.0617918968200684,4.499912738800049,0.00028932231361977756
3.0198168754577637,4.4802141189575195,0.00028932231361977756
2.9766488075256348,4.459104061126709,0.00028932231361977756
2.9507455825805664,4.443027973175049,0.00028932231361977756
2.925915241241455,4.426506519317627,0.00028932231361977756
2.902146100997925,4.409549236297607,0.00028932231361977756
2.8794267177581787,4.392166614532471,0.00028932231361977756
2.85774564743042,4.374368667602539,0.00028932231361977756
2.8370912075042725,4.356165885925293,0.00028932231361977756
2.8174519538879395,4.3375678062438965,0.00028932231361977756
2.798816442489624,4.318584442138672,0.00028932231361977756
2.78117299079895,4.299225807189941,0.00028932231361977756
2.764510154724121,4.279501914978027,0.00028932231361977756
2.7488162517547607,4.25942325592041,0.00028932231361977756
2.7340800762176514,4.238999366760254,0.00028932231361977756
2.720289707183838,4.218240737915039,0.00028932231361977756
2.7074339389801025,4.19715690612793,0.00028932231361977756
2.6955010890960693,4.175758361816406,0.00028932231361977756
2.6844794750213623,4.154054641723633,0.00028932231361977756
2.6743576526641846,4.13205623626709,0.00028932231361977756
2.6651241779327393,4.1097731590271,0.00028932231361977756
2.6567676067352295,4.087215423583984,0.00028932231361977756
2.6492762565612793,4.064392566680908,0.00028932231361977756
2.642638683319092,4.041315078735352,0.00028932231361977756
2.636843204498291,4.017992973327637,0.00028932231361977756
2.63187837600708,3.994436264038086,0.00028932231361977756
2.627732515335083,3.9706552028656006,0.00028932231361977756
2.624394416809082,3.946659564971924,0.00028932231361977756
2.621852397918701,3.922459602355957,0.00028932231361977756
2.6200947761535645,3.8980650901794434,0.00028932231361977756
2.619110107421875,3.873486280441284,0.00028932231361977756
2.618886947631836,3.8487331867218018,0.00028932231361977756
2.6194136142730713,3.8238155841827393,0.00028932231361977756
2.620678663253784,3.798743724822998,0.00028932231361977756
2.6226706504821777,3.7735276222229004,0.00028932231361977756
2.625377893447876,3.7481775283813477,0.00028932231361977756
2.628788948059082,3.722703218460083,0.00028932231361977756
2.63289213180542,3.6971147060394287,0.00028932231361977756
2.6376760005950928,3.671422243118286,0.00028932231361977756
2.6431291103363037,3.6456358432769775,0.00028932231361977756
2.6492397785186768,3.619765281677246,0.00028932231361977756
2.655996561050415,3.593820810317993,0.00028932231361977756
2.6633880138397217,3.567812442779541,0.00028932231361977756
2.6714024543762207,3.541750192642212,0.00028932231361977756
2.6800284385681152,3.5156443119049072,0.00028932231361977756
2.6892542839050293,3.48950457572937,0.00028932231361977756
2.699068784713745,3.463341236114502,0.00028932231361977756
2.7094600200653076,3.437164068222046,0.00028932231361977756
2.720416784286499,3.4109833240509033,0.00028932231361977756
2.7319273948669434,3.3848090171813965,0.00028932231361977756
2.7439801692962646,3.3586511611938477,0.00028932231361977756
2.756563663482666,3.332519769668579,0.00028932231361977756
2.7696664333343506,3.306424856185913,0.00028932231361977756
2.7832770347595215,3.280376434326172,0.00028932231361977756
2.7973837852478027,3.2543845176696777,0.00028932231361977756
2.8119750022888184,3.228459358215332,0.00028932231361977756
2.8270394802093506,3.202610731124878,0.00028932231361977756
2.8425655364990234,3.176848888397217,0.00028932231361977756
2.858541488647461,3.151183843612671,0.00028932231361977756
2.874955892562866,3.1256256103515625,0.00028932231361977756
2.8917973041534424,3.100184202194214,0.00028932231361977756
2.9090542793273926,3.0748696327209473,0.00028932231361977756
2.926715135574341,3.049691915512085,0.00028932231361977756
2.944768190383911,3.0246613025665283,0.00028932231361977756
2.9632022380828857,2.9997875690460205,0.00028932231361977756
2.9820055961608887,2.975080966949463,0.00028932231361977756
3.001166582107544,2.9505515098571777,0.00028932231361977756
3.0206737518310547,2.9262092113494873,0.00028932231361977756
3.040515661239624,2.902064085006714,0.00028932231361977756
3.060680866241455,2.8781261444091797,0.00028932231361977756
3.081157684326172,2.854405403137207,0.00028932231361977756
3.1019344329833984,2.830911874771118,0.00028932231361977756
3.122999906539917,2.8076558113098145,0.00028932231361977756
3.1443424224853516,2.784646987915039,0.00028932231361977756
3.165950298309326,2.7618956565856934,0.00028932231361977756
3.187812089920044,2.7394118309020996,0.00028932231361977756
3.209916353225708,2.71720552444458,0.00028932231361977756
3.2322516441345215,2.695286750793457,0.00028932231361977756
3.2548062801361084,2.6736655235290527,0.00028932231361977756
3.2775685787200928,2.6523518562316895,0.00028932231361977756
3.300527334213257,2.6313557624816895,0.00028932231361977756
3.3236708641052246,2.610687494277954,0.00028932231361977756
3.34698748588562,2.5903568267822266,0.00028932231361977756
3.3704657554626465,2.570374011993408,0.00028932231361977756
3.394094228744507,2.5507490634918213,0.00028932231361977756
3.4178614616394043,2.531491994857788,0.00028932231361977756
3.441755771636963,2.512612819671631,0.00028932231361977756
3.4657654762268066,2.494121551513672,0.00028932231361977756
3.4898793697357178,2.4760282039642334,0.00028932231361977756
3.5140857696533203,2.4583427906036377,0.00028932231361977756
3.5383729934692383,2.441075563430786,0.00028932231361977756
3.562729597091675,2.424236536026001,0.00028932231361977756
3.587144136428833,2.4078354835510254,0.00028932231361977756
3.611604928970337,2.3918826580047607,0.00028932231361977756
3.6361007690429688,2.3763880729675293,0.00028932231361977756
3.6606197357177734,2.3613617420196533,0.00028932231361977756
3.685150384902954,2.346813678741455,0.00028932231361977756
3.709681272506714,2.332754135131836,0.00028932231361977756
3.734200954437256,2.319192886352539,0.00028932231361977756
3.758697748184204,2.3061399459838867,0.00028932231361977756
3.7831602096557617,2.2936055660247803,0.00028932231361977756
3.8075766563415527,2.281599760055542,0.00028932231361977756
3.831934928894043,2.2701306343078613,0.00028932231361977756
3.8564200401306152,2.259237289428711,0.00028932231361977756
3.8812172412872314,2.2489383220672607,0.00028932231361977756
3.906318187713623,2.2392218112945557,0.00028932231361977756
3.9317145347595215,2.2300753593444824,0.00028932231361977756
3.957397937774658,2.221486806869507,0.00028932231361977756
3.9833600521087646,2.2134439945220947,0.00028932231361977756
4.009592533111572,2.205935001373291,0.00028932231361977756
4.036087512969971,2.1989474296569824,0.00028932231361977756
4.062836170196533,2.1924691200256348,0.00028932231361977756
4.08983039855957,2.186487913131714,0.00028932231361977756
4.117062091827393,2.1809914112091064,0.00028932231361977756
4.144522666931152,2.1759676933288574,0.00028932231361977756
4.17220401763916,2.1714046001434326,0.00028932231361977756
4.200097560882568,2.167289972305298,0.00028932231361977756
4.2281951904296875,2.163611650466919,0.00028932231361977756
4.256488800048828,2.1603572368621826,0.00028932231361977756
4.284969806671143,2.157514810562134,0.00028932231361977756
4.313630104064941,2.155071973800659,0.00028932231361977756
4.342461109161377,2.1530168056488037,0.00028932231361977756
4.37145471572876,2.151336908340454,0.00028932231361977756
4.400602340698242,2.150020122528076,0.00028932231361977756
4.429895877838135,2.149054527282715,0.00028932231361977756
4.459327220916748,2.148427724838257,0.00028932231361977756
4.488888263702393,2.148127555847168,0.00028932231361977756
4.5185699462890625,2.148141860961914,0.00028932231361977756
4.548364639282227,2.148458480834961,0.00028932231361977756
4.578263759613037,2.1490652561187744,0.00028932231361977756
4.608259201049805,2.1499500274658203,0.00028932231361977756
4.638342380523682,2.1511006355285645,0.00028932231361977756
4.6685051918029785,2.1525049209594727,0.00028932231361977756
4.698739051818848,2.1541504859924316,0.00028932231361977756
4.7290358543396,2.1560254096984863,0.00028932231361977756
4.759387493133545,2.1581175327301025,0.00028932231361977756
4.789785385131836,2.160414457321167,0.00028932231361977756
4.820221424102783,2.1629042625427246,0.00028932231361977756
4.850687026977539,2.165574550628662,0.00028932231361977756
4.881174087524414,2.1684134006500244,0.00028932231361977756
4.911674499511719,2.1714084148406982,0.00028932231361977756
4.9421796798706055,2.1745474338531494,0.00028932231361977756
4.972681522369385,2.177818536758423,0.00028932231361977756
5.003171443939209,2.1812093257904053,0.00028932231361977756
5.033641338348389,2.1847076416015625,0.00028932231361977756
5.064083099365234,2.1883013248443604,0.00028932231361977756
5.094488143920898,2.1919782161712646,0.00028932231361977756
5.124848365783691,2.195726156234741,0.00028932231361977756
5.155155181884766,2.199532985687256,0.00028932231361977756
5.185400485992432,2.2033865451812744,0.00028932231361977756
5.215576171875,2.2072744369506836,0.00028932231361977756
5.245673656463623,2.2111847400665283,0.00028932231361977756
5.275684356689453,2.2151052951812744,0.00028932231361977756
5.305600643157959,2.2190237045288086,0.00028932231361977756
5.335413932800293,2.222928047180176,0.00028932231361977756
5.365115642547607,2.2268059253692627,0.00028932231361977756
5.394697666168213,2.2306454181671143,0.00028932231361977756
5.42415189743042,2.234434127807617,0.00028932231361977756
5.453469753265381,2.2381598949432373,0.00028932231361977756
5.482643127441406,2.2418107986450195,0.00028932231361977756
5.511663436889648,2.2453744411468506,0.00028932231361977756
5.540522575378418,2.2488386631011963,0.00028932231361977756
5.569212436676025,2.2521913051605225,0.00028932231361977756
5.597724437713623,2.255420207977295,0.00028932231361977756
5.6260504722595215,2.2585132122039795,0.00028932231361977756
5.654182434082031,2.261458158493042,0.00028932231361977756
5.682111740112305,2.2642428874969482,0.00028932231361977756
5.709829807281494,2.266855239868164,0.00028932231361977756
5.73732852935791,2.269282817840576,0.00028932231361977756
5.764599800109863,2.2715137004852295,0.00028932231361977756
5.791635036468506,2.27353572845459,0.00028932231361977756
5.818426132202148,2.275336503982544,0.00028932231361977756
5.844964981079102,2.2769041061401367,0.00028932231361977756
5.871243000030518,2.278226137161255,0.00028932231361977756
5.897252082824707,2.2792904376983643,0.00028932231361977756
5.922983646392822,2.2800850868225098,0.00028932231361977756
5.948429584503174,2.280597686767578,0.00028932231361977756
5.973581790924072,2.280816078186035,0.00028932231361977756
5.99843168258667,2.2807281017303467,0.00028932231361977756
6.022970676422119,2.2803215980529785,0.00028932231361977756
6.047191143035889,2.2795844078063965,0.00028932231361977756
6.071084499359131,2.2785043716430664,0.00028932231361977756
6.094642162322998,2.277069330215454,0.00028932231361977756
6.117856025695801,2.2752671241760254,0.00028932231361977756
6.14071798324585,2.273085594177246,0.00028932231361977756
6.163219451904297,2.270512580871582,0.00028932231361977756
6.185352325439453,2.26753568649292,0.00028932231361977756
6.207108020782471,2.2641429901123047,0.00028932231361977756
6.22847843170166,2.260322332382202,0.00028932231361977756
6.249455451965332,2.256061315536499,0.00028932231361977756
6.270030498504639,2.2513480186462402,0.00028932231361977756
6.290195465087891,2.2461700439453125,0.00028932231361977756
6.30994176864624,2.2405152320861816,0.00028932231361977756
6.329261302947998,2.2343716621398926,0.00028932231361977756
6.348145961761475,2.227726936340332,0.00028932231361977756
6.366587162017822,2.220568895339966,0.00028932231361977756
6.384576797485352,2.2128853797912598,0.00028932231361977756
6.402106285095215,2.2046642303466797,0.00028932231361977756
6.419167518615723,2.1958932876586914,0.00028932231361977756
6.4357523918151855,2.1865603923797607,0.00028932231361977756
6.451852321624756,2.1766533851623535,0.00028932231361977756
6.467458724975586,2.1661601066589355,0.00028932231361977756
6.482564449310303,2.1550676822662354,0.00028932231361977756
6.494233131408691,2.1448535919189453,0.00028932231361977756
6.505960941314697,2.1345906257629395,0.00028932231361977756
6.517739295959473,2.1242780685424805,0.00028932231361977756
6.529560089111328,2.113915205001831,0.00028932231361977756
6.541415214538574,2.103501319885254,0.00028932231361977756
6.553296089172363,2.0930354595184326,0.00028932231361977756
6.565194606781006,2.08251690864563,0.00028932231361977756
6.577102184295654,2.0719449520111084,0.00028932231361977756
6.589010715484619,2.0613186359405518,0.00028932231361977756
6.600911617279053,2.0506372451782227,0.00028932231361977756
6.612796783447266,2.039900064468384,0.00028932231361977756
6.62465763092041,2.0291061401367188,0.00028932231361977756
6.636486053466797,2.0182547569274902,0.00028932231361977756
6.648273944854736,2.007345199584961,0.00028932231361977756
6.660012722015381,1.996376872062683,0.00028932231361977756
6.671694278717041,1.9853487014770508,0.00028932231361977756
6.683310031890869,1.9742599725723267,0.00028932231361977756
6.694851875305176,1.9631098508834839,0.00028932231361977756
6.706311225891113,1.9518976211547852,0.00028932231361977756
6.717679977416992,1.9406225681304932,0.00028932231361977756
6.728949546813965,1.9292837381362915,0.00028932231361977756
6.740111827850342,1.9178805351257324,0.00028932231361977756
6.751158714294434,1.9064120054244995,0.00028932231361977756
6.762081623077393,1.8948774337768555,0.00028932231361977756
6.772872447967529,1.883276104927063,0.00028932231361977756
6.783522605895996,1.8716070652008057,0.00028932231361977756
6.7940239906311035,1.8598697185516357,0.00028932231361977756
6.804368019104004,1.8480631113052368,0.00028932231361977756
6.814546585083008,1.8361865282058716,0.00028932231361977756
6.824551582336426,1.8242392539978027,0.00028932231361977756
6.83437442779541,1.8122204542160034,0.00028932231361977756
6.8440070152282715,1.8001292943954468,0.00028932231361977756
6.853440761566162,1.7879650592803955,0.00028932231361977756
6.862667083740234,1.7757269144058228,0.00028932231361977756
6.871678352355957,1.7634141445159912,0.00028932231361977756
6.880465984344482,1.751025915145874,0.00028932231361977756
6.889021396636963,1.7385613918304443,0.00028932231361977756
6.897336483001709,1.7260198593139648,0.00028932231361977756
6.905402660369873,1.7134004831314087,0.00028932231361977756
6.913212299346924,1.7007025480270386,0.00028932231361977756
6.9207563400268555,1.6879252195358276,0.00028932231361977756
6.9280266761779785,1.6750677824020386,0.00028932231361977756
6.9350152015686035,1.6621294021606445,0.00028932231361977756
6.941713333129883,1.6491092443466187,0.00028932231361977756
6.948112964630127,1.6360065937042236,0.00028932231361977756
6.9542059898376465,1.6228206157684326,0.00028932231361977756
6.959983825683594,1.6095505952835083,0.00028932231361977756
6.965437889099121,1.5961956977844238,0.00028932231361977756
6.970560073852539,1.5827550888061523,0.00028932231361977756
6.975342273712158,1.5692280530929565,0.00028932231361977756
6.979775905609131,1.5556137561798096,0.00028932231361977756
6.983852863311768,1.5419114828109741,0.00028932231361977756
6.987564563751221,1.5281203985214233,0.00028932231361977756
6.990902900695801,1.51423978805542,0.00028932231361977756
6.993859767913818,1.500268816947937,0.00028932231361977756
6.996426582336426,1.4862066507339478,0.00028932231361977756
6.998594760894775,1.4720525741577148,0.00028932231361977756
7.000356197357178,1.4578057527542114,0.00028932231361977756
7.001702785491943,1.4434654712677002,0.00028932231361977756
7.002625942230225,1.4290308952331543,0.00028932231361977756
7.003117561340332,1.4145011901855469,0.00028932231361977756
7.003169536590576,1.3998756408691406,0.00028932231361977756
7.002772808074951,1.3851534128189087,0.00028932231361977756
7.001919746398926,1.3703337907791138,0.00028932231361977756
7.000601768493652,1.355415940284729,0.00028932231361977756
6.998810768127441,1.340399146080017,0.00028932231361977756
6.996538162231445,1.3252825736999512,0.00028932231361977756
6.993775367736816,1.3100653886795044,0.00028932231361977756
6.990514755249023,1.2947468757629395,0.00028932231361977756
6.986747741699219,1.2793262004852295,0.00028932231361977756
6.982465744018555,1.2638026475906372,0.00028932231361977756
6.977660655975342,1.2481753826141357,0.00028932231361977756
6.972323894500732,1.2324435710906982,0.00028932231361977756
6.966447353363037,1.2166064977645874,0.00028932231361977756
6.960022926330566,1.200663447380066,0.00028932231361977756
6.953042030334473,1.1846134662628174,0.00028932231361977756
6.945496559143066,1.1684558391571045,0.00028932231361977756
6.9373779296875,1.15218985080719,0.00028932231361977756
6.928678035736084,1.1358146667480469,0.00028932231361977756
6.919388294219971,1.1193294525146484,0.00028932231361977756
6.909500598907471,1.1027334928512573,0.00028932231361977756
6.8990068435668945,1.0860259532928467,0.00028932231361977756
6.8878984451293945,1.0692061185836792,0.00028932231361977756
6.876167297363281,1.052273154258728,0.00028932231361977756
6.863804817199707,1.0352263450622559,0.00028932231361977756
6.850802898406982,1.0180648565292358,0.00028932231361977756
6.83715295791626,1.0007878541946411,0.00028932231361977756
6.82284688949585,0.9833945631980896,0.00028932231361977756
6.807876110076904,0.965884268283844,0.00028932231361977756
6.792232513427734,0.9482561349868774,0.00028932231361977756
6.77590799331665,0.9305093884468079,0.00028932231361977756
6.758893966674805,0.9126432538032532,0.00028932231361977756
6.741182327270508,0.8946568965911865,0.00028932231361977756
6.722764492034912,0.8765496015548706,0.00028932231361977756
6.703632354736328,0.8583205342292786,0.00028932231361977756
6.683777332305908,0.8399689197540283,0.00028932231361977756
6.663191318511963,0.8214939832687378,0.00028932231361977756
6.6418657302856445,0.8028949499130249,0.00028932231361977756
6.619792461395264,0.7841710448265076,0.00028932231361977756
6.596964359283447,0.7653217315673828,0.00028932231361977756
6.57042121887207,0.7430543303489685,0.00028932231361977756
6.542938709259033,0.7212218046188354,0.00028932231361977756
6.514537811279297,0.6998198628425598,0.00028932231361977756
6.4852399826049805,0.6788442134857178,0.00028932231361977756
6.455065727233887,0.6582905650138855,0.00028932231361977756
6.424036502838135,0.6381546258926392,0.00028932231361977756
6.3921732902526855,0.6184321045875549,0.00028932231361977756
6.3594970703125,0.599118709564209,0.00028932231361977756
6.326029300689697,0.5802102088928223,0.00028932231361977756
6.291790962219238,0.5617022514343262,0.00028932231361977756
6.256802558898926,0.5435905456542969,0.00028932231361977756
6.221086025238037,0.5258708596229553,0.00028932231361977756
6.184661865234375,0.5085388422012329,0.00028932231361977756
6.1475510597229,0.4915902316570282,0.00028932231361977756
6.109775066375732,0.47502070665359497,0.00028932231361977756
6.071354866027832,0.4588260054588318,0.00028932231361977756
6.03231143951416,0.4430018365383148,0.00028932231361977756
5.992665767669678,0.42754390835762024,0.00028932231361977756
5.952439308166504,0.4124479293823242,0.00028932231361977756
5.9116530418396,0.39770960807800293,0.00028932231361977756
5.870327949523926,0.38332465291023254,0.00028932231361977756
5.828485012054443,0.36928877234458923,0.00028932231361977756
5.786145210266113,0.35559767484664917,0.00028932231361977756
5.743330001831055,0.3422470986843109,0.00028932231361977756
5.70005989074707,0.32923272252082825,0.00028932231361977756
5.656356334686279,0.31655025482177734,0.00028932231361977756
5.612240314483643,0.30419543385505676,0.00028932231361977756
5.567733287811279,0.2921639382839203,0.00028932231361977756
5.522855758666992,0.2804515063762665,0.00028932231361977756
5.4776291847229,0.2690538167953491,0.00028932231361977756
5.432074546813965,0.2579666078090668,0.00028932231361977756
5.3862128257751465,0.2471855729818344,0.00028932231361977756
5.3400654792785645,0.2367064207792282,0.00028932231361977756
5.2936530113220215,0.22652485966682434,0.00028932231361977756
5.246996879577637,0.21663661301136017,0.00028932231361977756
5.200118064880371,0.20703738927841187,0.00028932231361977756
5.153038024902344,0.1977228969335556,0.00028932231361977756
5.105777263641357,0.18868882954120636,0.00028932231361977756
5.058357238769531,0.1799309104681015,0.00028932231361977756
5.010798931121826,0.1714448630809784,0.00028932231361977756
4.963123321533203,0.16322638094425201,0.00028932231361977756
4.915351390838623,0.15527117252349854,0.00028932231361977756
4.867504119873047,0.14757494628429413,0.00028932231361977756
4.819602966308594,0.14013342559337616,0.00028932231361977756
4.771668910980225,0.1329423189163208,0.00028932231361977756
4.7237229347229,0.12599731981754303,0.00028932231361977756
4.675786018371582,0.11929415166378021,0.00028932231361977756
4.627879619598389,0.11282852292060852,0.00028932231361977756
4.580024719238281,0.10659614205360413,0.00028932231361977756
4.532242298126221,0.1005927175283432,0.00028932231361977756
4.484553337097168,0.09481395781040192,0.00028932231361977756
4.436978816986084,0.08925557881593704,0.00028932231361977756
4.389540195465088,0.08391328901052475,0.00028932231361977756
4.342257976531982,0.07878279685974121,0.00028932231361977756
4.295153617858887,0.0738598108291626,0.00028932231361977756
4.248248100280762,0.06914004683494568,0.00028932231361977756
4.201562881469727,0.06461920589208603,0.00028932231361977756
4.155118465423584,0.06029300019145012,0.00028932231361977756
4.108936309814453,0.05615714564919472,0.00028932231361977756
4.063037395477295,0.0522073470056057,0.00028932231361977756
4.01744270324707,0.04843931645154953,0.00028932231361977756
3.9721734523773193,0.044848766177892685,0.00028932231361977756
3.927250862121582,0.041431400924921036,0.00028932231361977756
3.8826956748962402,0.03818293288350105,0.00028932231361977756
3.838529109954834,0.03509907424449921,0.00028932231361977756
3.7947723865509033,0.03217552974820137,0.00028932231361977756
3.751446485519409,0.029408015310764313,0.00028932231361977756
3.7085723876953125,0.026792237535119057,0.00028932231361977756
3.6661713123321533,0.024323906749486923,0.00028932231361977756
3.6242642402648926,0.021998733282089233,0.00028932231361977756
3.582872152328491,0.01981242746114731,0.00028932231361977756
3.5420162677764893,0.01776069775223732,0.00028932231361977756
3.5017178058624268,0.01583925634622574,0.00028932231361977756
3.4619975090026855,0.01404381264001131,0.00028932231361977756
3.4228768348693848,0.012370074167847633,0.00028932231361977756
3.3843765258789062,0.010813753120601177,0.00028932231361977756
3.34651780128479,0.009370558895170689,0.00028932231361977756
3.309321880340576,0.008036201819777489,0.00028932231361977756
3.2728095054626465,0.006806391291320324,0.00028932231361977756
3.23700213432312,0.0056768376380205154,0.00028932231361977756
3.201920509338379,0.004643251188099384,0.00028932231361977756
3.167585849761963,0.0037013411056250334,0.00028932231361977756
3.134019374847412,0.0028468179516494274,0.00028932231361977756
3.1012420654296875,0.0020753915887326,0.00028932231361977756
3.06927490234375,0.0013827718794345856,0.00028932231361977756
3.0381391048431396,0.0007646686281077564,0.00028932231361977756
3.0078556537628174,0.00021679206111002713,0.00028932231361977756
2.978445529937744,-0.00026514794444665313,0.00028932231361977756
2.94992995262146,-0.0006854414823465049,0.00028932231361977756
2.922330141067505,-0.0010483784135431051,0.00028932231361977756
2.8956668376922607,-0.00135824887547642,0.00028932231361977756
2.8699615001678467,-0.0016193429473787546,0.00028932231361977756
2.8452348709106445,-0.0018359506502747536,0.00028932231361977756
2.8215081691741943,-0.002012362005189061,0.00028932231361977756
2.798802614212036,-0.002152866916731,0.00028932231361977756
2.777139186859131,-0.002261755522340536,0.00028932231361977756
2.7565388679504395,-0.002343317959457636,0.00028932231361977756
2.737022638320923,-0.0024018441326916218,0.00028932231361977756
2.7186119556427,-0.00244162417948246,0.00028932231361977756
2.7013297080993652,-0.0024683792144060135,0.00028932231361977756
2.682638645172119,-0.002485238714143634,0.00028932231361977756
2.660045623779297,-0.002496803877875209,0.00028932231361977756
2.6336283683776855,-0.00250318949110806,0.00028932231361977756
2.6034646034240723,-0.0025045103393495083,0.00028932231361977756
2.569632053375244,-0.0025008809752762318,0.00028932231361977756
2.5322084426879883,-0.0024924164172261953,0.00028932231361977756
2.491271734237671,-0.0024792314507067204,0.00028932231361977756
2.4468994140625,-0.002461440861225128,0.00028932231361977756
2.3991692066192627,-0.0024391592014580965,0.00028932231361977756
2.348159074783325,-0.0024125014897435904,0.00028932231361977756
2.2939465045928955,-0.002381582511588931,0.00028932231361977756
2.23660945892334,-0.0023465168196707964,0.00028932231361977756
2.176225423812866,-0.0023074194323271513,0.00028932231361977756
2.112872362136841,-0.0022644049022346735,0.00028932231361977756
2.046627998352051,-0.002217588247731328,0.00028932231361977756
1.977569818496704,-0.0021670840214937925,0.00028932231361977756
1.905775785446167,-0.002113007241860032,0.00028932231361977756
1.8313236236572266,-0.0020554724615067244,0.00028932231361977756
1.75429105758667,-0.0019945946987718344,0.00028932231361977756
1.6747558116912842,-0.0019304885063320398,0.00028932231361977756
1.5927956104278564,-0.001863268786109984,0.00028932231361977756
1.5084882974624634,-0.001793050323612988,0.00028932231361977756
1.4219114780426025,-0.0017199479043483734,0.00028932231361977756
1.3331429958343506,-0.0016440761974081397,0.00028932231361977756
1.2422605752944946,-0.00156555010471493,0.00028932231361977756
1.1493419408798218,-0.001484484295360744,0.00028932231361977756
1.0544646978378296,-0.0014009936712682247,0.00028932231361977756
0.9577067494392395,-0.0013151929015293717,0.00028932231361977756
0.8591458201408386,-0.0012271968880668283,0.00028932231361977756
0.7588596343994141,-0.0011371202999725938,0.00028932231361977756
0.6569259166717529,-0.0010450779227539897,0.00028932231361977756
0.5534223914146423,-0.0009511846583336592,0.00028932231361977756
0.4484267830848694,-0.0008555551175959408,0.00028932231361977756
0.34201687574386597,-0.0007583041442558169,0.00028932231361977756
0.23427040874958038,-0.0006595465238206089,0.00028932231361977756
0.12526509165763855,-0.0005593970417976379,0.00028932231361977756
0.015078675001859665,-0.00045797048369422555,0.00028932231361977756
-0.09621109813451767,-0.00035538163501769304,0.00028932231361977756
-0.20852647721767426,-0.00025174522306770086,0.00028932231361977756
-0.3217897415161133,-0.0001471761061111465,0.00028932231361977756
-0.43592315912246704,-4.17889968957752e-05,0.00028932231361977756
-0.5508489608764648,6.430129724321887e-05,0.00028932231361977756
-0.6664894223213196,0.00017097999807447195,0.00028932231361977756
-0.7827668190002441,0.0002781323273666203,0.00028932231361977756
-0.8996033668518066,0.0003856435068883002,0.00028932231361977756
-1.0169214010238647,0.0004933987511321902,0.00028932231361977756
-1.1346430778503418,0.0006012832745909691,0.00028932231361977756
-1.2526907920837402,0.0007091823499649763,0.00028932231361977756
-1.3709867000579834,0.0008169811335392296,0.00028932231361977756
-1.4894530773162842,0.0009245648398064077,0.00028932231361977756
-1.6080121994018555,0.001031818799674511,0.00028932231361977756
-1.7265863418579102,0.0011386281112208962,0.00028932231361977756
-1.8450977802276611,0.0012448780471459031,0.00028932231361977756
-1.9634686708450317,0.0013504538219422102,0.00028932231361977756
-2.0816211700439453,0.0014552406501024961,0.00028932231361977756
-2.1994779109954834,0.0015591237461194396,0.00028932231361977756
-2.3169610500335693,0.0016619883244857192,0.00028932231361977756
-2.433992624282837,0.0017637195996940136,0.00028932231361977756
-2.550495147705078,0.0018642027862370014,0.00028932231361977756
-2.6663906574249268,0.0019633229821920395,0.00028932231361977756
-2.781601667404175,0.0020609658677130938,0.00028932231361977756
-2.896050214767456,0.0021570161916315556,0.00028932231361977756
-3.0096585750579834,0.002251359401270747,0.00028932231361977756
-3.1223490238189697,0.0023438807111233473,0.00028932231361977756
-3.234043836593628,0.002434465102851391,0.00028932231361977756
-3.34466552734375,0.0025229980237782,0.00028932231361977756
-3.4541358947753906,0.002609364688396454,0.00028932231361977756
-3.562377452850342,0.0026934503111988306,0.00028932231361977756
-3.6693124771118164,0.002775140106678009,0.00028932231361977756
-3.7748632431030273,0.002854319289326668,0.00028932231361977756
-3.8789520263671875,0.0029308730736374855,0.00028932231361977756
-3.9815008640289307,0.003004686674103141,0.00028932231361977756
-4.082432270050049,0.0030756453052163124,0.00028932231361977756
-4.181668281555176,0.003143634181469679,0.00028932231361977756
-4.2791314125061035,0.003208538517355919,0.00028932231361977756
-4.374743938446045,0.003270243527367711,0.00028932231361977756
-4.468427658081055,0.003328634425997734,0.00028932231361977756
-4.560105323791504,0.0033835964277386665,0.00028932231361977756
-4.6496992111206055,0.003435014747083187,0.00028932231361977756
-4.737131118774414,0.0034827745985239744,0.00028932231361977756
-4.822323799133301,0.003526761196553707,0.00028932231361977756
-4.90519905090332,0.0035668599884957075,0.00028932231361977756
-4.985679626464844,0.0036029559560120106,0.00028932231361977756
-5.063687324523926,0.003634934313595295,0.00028932231361977756
-5.1391448974609375,0.0036626802757382393,0.00028932231361977756
-5.211974143981934,0.003686079289764166,0.00028932231361977756
-5.282097339630127,0.0037050163373351097,0.00028932231361977756
-5.349437236785889,0.0037193766329437494,0.00028932231361977756
-5.413915634155273,0.0037290456239134073,0.00028932231361977756
-5.475454807281494,0.0037339082919061184,0.00028932231361977756
-5.533977031707764,0.003733850084245205,0.00028932231361977756
-5.589405059814453,0.003728755982592702,0.00028932231361977756
-5.641660690307617,0.0037185114342719316,0.00028932231361977756
-5.690666198730469,0.003703001420944929,0.00028932231361977756
-5.736343860626221,0.0036821113899350166,0.00028932231361977756
-5.778615951538086,0.003655726322904229,0.00028932231361977756
-5.817404747009277,0.003623731667175889,0.00028932231361977756
-5.852632522583008,0.003586012637242675,0.00028932231361977756
-5.88422155380249,0.0035424542147666216,0.00028932231361977756
-5.9120988845825195,0.0034929485991597176,0.00028932231361977756
-5.933447360992432,0.003268334548920393,0.00028932231361977756
-5.954760551452637,0.002691857283934951,0.00028932231361977756
-5.976034641265869,0.0017800378846004605,0.00028932231361977756
-5.997265815734863,0.0005493970238603652,0.00028932231361977756
-6.0184502601623535,-0.000983544043265283,0.00028932231361977756
-6.039584636688232,-0.002802264643833041,0.00028932231361977756
-6.060664653778076,-0.004890243522822857,0.00028932231361977756
-6.081686973571777,-0.0072309598326683044,0.00028932231361977756
-6.10264778137207,-0.009807892143726349,0.00028932231361977756
-6.1235432624816895,-0.012604519724845886,0.00028932231361977756
-6.144369125366211,-0.015604321844875813,0.00028932231361977756
-6.1651225090026855,-0.018790777772665024,0.00028932231361977756
-6.1857991218566895,-0.022147364914417267,0.00028932231361977756
-6.206395149230957,-0.025657564401626587,0.00028932231361977756
-6.226906776428223,-0.029304854571819305,0.00028932231361977756
-6.247330665588379,-0.033072713762521744,0.00028932231361977756
-6.26766300201416,-0.03694462031126022,0.00028932231361977756
-6.287899494171143,-0.040904056280851364,0.00028932231361977756
-6.308036804199219,-0.04493449628353119,0.00028932231361977756
-6.328071117401123,-0.04901942238211632,0.00028932231361977756
-6.34799861907959,-0.05314231291413307,0.00028932231361977756
-6.3678154945373535,-0.05728664621710777,0.00028932231361977756
-6.387518405914307,-0.06143590435385704,0.00028932231361977756
-6.407103061676025,-0.0655735582113266,0.00028932231361977756
-6.426565647125244,-0.06968309730291367,0.00028932231361977756
-6.4459028244018555,-0.07374799251556396,0.00028932231361977756
-6.465110778808594,-0.07775172591209412,0.00028932231361977756
-6.484185695648193,-0.08167777955532074,0.00028932231361977756
-6.5031232833862305,-0.08550962805747986,0.00028932231361977756
-6.521920680999756,-0.08923075348138809,0.00028932231361977756
-6.540573596954346,-0.09282463788986206,0.00028932231361977756
-6.559078216552734,-0.09627475589513779,0.00028932231361977756
-6.577430725097656,-0.0995645821094513,0.00028932231361977756
-6.595627784729004,-0.1026775985956192,0.00028932231361977756
-6.6136651039123535,-0.10559728741645813,0.00028932231361977756
-6.631539344787598,-0.1083071231842041,0.00028932231361977756
-6.649246692657471,-0.11079058796167374,0.00028932231361977756
-6.666783332824707,-0.11303116381168365,0.00028932231361977756
-6.684145450592041,-0.11501232534646988,0.00028932231361977756
-6.701329231262207,-0.11671755462884903,0.00028932231361977756
-6.7183308601379395,-0.11813032627105713,0.00028932231361977756
-6.735146999359131,-0.1192341223359108,0.00028932231361977756
-6.751773357391357,-0.12001241743564606,0.00028932231361977756
-6.768206596374512,-0.12044869363307953,0.00028932231361977756
-6.78444242477417,-0.12052643299102783,0.00028932231361977756
-6.800477504730225,-0.12022911012172699,0.00028932231361977756
-6.81630802154541,-0.11954020708799362,0.00028932231361977756
-6.831930160522461,-0.11844319850206375,0.00028932231361977756
-6.847340106964111,-0.116921566426754,0.00028932231361977756
-6.862534523010254,-0.11495879292488098,0.00028932231361977756
-6.877509117126465,-0.11253835260868073,0.00028932231361977756
-6.8922600746154785,-0.10964372754096985,0.00028932231361977756
-6.9067840576171875,-0.10625839233398438,0.00028932231361977756
-6.921077251434326,-0.10236582905054092,0.00028932231361977756
-6.935135364532471,-0.09794951975345612,0.00028932231361977756
-6.948955059051514,-0.09299293905496597,0.00028932231361977756
-6.9625325202941895,-0.08747956901788712,0.00028932231361977756
-6.975864410400391,-0.08139288425445557,0.00028932231361977756
-6.988946437835693,-0.07471636682748795,0.00028932231361977756
-7.001774787902832,-0.06743349134922028,0.00028932231361977756
-7.014346122741699,-0.059527747333049774,0.00028932231361977756
-7.026656150817871,-0.050982601940631866,0.00028932231361977756
-7.03870153427124,-0.04178154096007347,0.00028932231361977756
-7.050478458404541,-0.03190803900361061,0.00028932231361977756
-7.06198263168335,-0.021345578134059906,0.00028932231361977756
-7.073211193084717,-0.010077634826302528,0.00028932231361977756
-7.084159851074219,0.0019123087404295802,0.00028932231361977756
-7.09482479095459,0.014640775509178638,0.00028932231361977756
-7.1052021980285645,0.028124283999204636,0.00028932231361977756
-7.115288734436035,0.042379360646009445,0.00028932231361977756
-7.125080108642578,0.05742252245545387,0.00028932231361977756
-7.134572982788086,0.0732702910900116,0.00028932231361977756
-7.143763542175293,0.0899391919374466,0.00028932231361977756
-7.152647972106934,0.10744573920965195,0.00028932231361977756
-7.161222457885742,0.12580645084381104,0.00028932231361977756
-7.169483184814453,0.14503785967826843,0.00028932231361977756
-7.177426338195801,0.16515648365020752,0.00028932231361977756
-7.1850481033325195,0.18617883324623108,0.00028932231361977756
-7.192345142364502,0.2081214338541031,0.00028932231361977756
-7.199313163757324,0.23100081086158752,0.00028932231361977756
-7.205948829650879,0.25483348965644836,0.00028932231361977756
-7.2122483253479,0.2796359956264496,0.00028932231361977756
-7.218207359313965,0.30542483925819397,0.00028932231361977756
-7.223822593688965,0.3322165310382843,0.00028932231361977756
-7.229090690612793,0.36002761125564575,0.00028932231361977756
-7.234007358551025,0.3888745903968811,0.00028932231361977756
-7.2385687828063965,0.41877397894859314,0.00028932231361977756
-7.242771625518799,0.44974231719970703,0.00028932231361977756
-7.246611595153809,0.48179611563682556,0.00028932231361977756
-7.250085353851318,0.5149518847465515,0.00028932231361977756
-7.253188610076904,0.5492261648178101,0.00028932231361977756
-7.255918025970459,0.5846354961395264,0.00028932231361977756
-7.258269786834717,0.6211963891983032,0.00028932231361977756
-7.260240077972412,0.6589252948760986,0.00028932231361977756
-7.2618255615234375,0.6978388428688049,0.00028932231361977756
-7.263021945953369,0.7379534840583801,0.00028932231361977756
-7.263825416564941,0.779285728931427,0.00028932231361977756
-7.264232635498047,0.8218521475791931,0.00028932231361977756
-7.26423978805542,0.8656692504882812,0.00028932231361977756
-7.263841152191162,0.9107528924942017,0.00028932231361977756
-7.263951778411865,0.9554480910301208,0.00028932231361977756
-7.262720584869385,0.9986507892608643,0.00028932231361977756
-7.2601752281188965,1.0403891801834106,0.00028932231361977756
-7.256341934204102,1.0806915760040283,0.00028932231361977756
-7.251247882843018,1.1195861101150513,0.00028932231361977756
-7.244920253753662,1.1571009159088135,0.00028932231361977756
-7.2373857498168945,1.193264365196228,0.00028932231361977756
-7.228671073913574,1.228104591369629,0.00028932231361977756
-7.2188029289245605,1.26164972782135,0.00028932231361977756
-7.207808494567871,1.2939281463623047,0.00028932231361977756
-7.195714473724365,1.3249679803848267,0.00028932231361977756
-7.1825480461120605,1.35479736328125,0.00028932231361977756
-7.168335914611816,1.3834446668624878,0.00028932231361977756
-7.153104782104492,1.4109379053115845,0.00028932231361977756
-7.1368818283081055,1.4373054504394531,0.00028932231361977756
-7.119693756103516,1.4625754356384277,0.00028932231361977756
-7.101567268371582,1.4867761135101318,0.00028932231361977756
-7.082529544830322,1.509935736656189,0.00028932231361977756
-7.062607288360596,1.532082438468933,0.00028932231361977756
-7.04182767868042,1.5532443523406982,0.00028932231361977756
-7.020216941833496,1.5734498500823975,0.00028932231361977756
-6.997802734375,1.5927270650863647,0.00028932231361977756
-6.974611282348633,1.6111042499542236,0.00028932231361977756
-6.950669765472412,1.628609538078308,0.00028932231361977756
-6.9260053634643555,1.6452711820602417,0.00028932231361977756
-6.900644302368164,1.661117434501648,0.00028932231361977756
-6.8746137619018555,1.6761764287948608,0.00028932231361977756
-6.847940921783447,1.690476417541504,0.00028932231361977756
-6.820652484893799,1.7040456533432007,0.00028932231361977756
-6.7927751541137695,1.7169122695922852,0.00028932231361977756
-6.764335632324219,1.7291045188903809,0.00028932231361977756
-6.735361099243164,1.7406506538391113,0.00028932231361977756
-6.705878257751465,1.7515788078308105,0.00028932231361977756
-6.675914287567139,1.761917233467102,0.00028932231361977756
-6.645495891571045,1.7716940641403198,0.00028932231361977756
-6.614649772644043,1.780937671661377,0.00028932231361977756
-6.58340311050415,1.7896760702133179,0.00028932231361977756
-6.551782608032227,1.7979376316070557,0.00028932231361977756
-6.519815444946289,1.8057504892349243,0.00028932231361977756
-6.487527847290039,1.8131428956985474,0.00028932231361977756
-6.454947471618652,1.8201429843902588,0.00028932231361977756
-6.42210054397583,1.8267790079116821,0.00028932231361977756
-6.38901424407959,1.833079218864441,0.00028932231361977756
-6.355715274810791,1.8390718698501587,0.00028932231361977756
-6.322230815887451,1.8447850942611694,0.00028932231361977756
-6.28858757019043,1.8502470254898071,0.00028932231361977756
-6.254812240600586,1.8554860353469849,0.00028932231361977756
-6.2209320068359375,1.8605302572250366,0.00028932231361977756
-6.186973571777344,1.8654078245162964,0.00028932231361977756
-6.152964115142822,1.8701471090316772,0.00028932231361977756
-6.118930339813232,1.8747762441635132,0.00028932231361977756
-6.084898948669434,1.8793233633041382,0.00028932231361977756
-6.050896644592285,1.8838167190551758,0.00028932231361977756
-6.016950607299805,1.8882845640182495,0.00028932231361977756
-5.98308801651001,1.892755150794983,0.00028932231361977756
-5.949335098266602,1.89725661277771,0.00028932231361977756
-5.915719032287598,1.9018172025680542,0.00028932231361977756
-5.882266998291016,1.9064650535583496,0.00028932231361977756
-5.849005222320557,1.9112285375595093,0.00028932231361977756
-5.8159613609313965,1.9161356687545776,0.00028932231361977756
-5.783161640167236,1.9212148189544678,0.00028932231361977756
-5.750633239746094,1.9264941215515137,0.00028932231361977756
-5.718402862548828,1.9320018291473389,0.00028932231361977756
-5.686497688293457,1.9377660751342773,0.00028932231361977756
-5.65494441986084,1.9438151121139526,0.00028932231361977756
-5.623769760131836,1.9501771926879883,0.00028932231361977756
-5.593000888824463,1.9568804502487183,0.00028932231361977756
-5.56266450881958,1.9639531373977661,0.00028932231361977756
-5.532787322998047,1.9714235067367554,0.00028932231361977756
-5.503396511077881,1.97931969165802,0.00028932231361977756
-5.474518775939941,1.9876699447631836,0.00028932231361977756
-5.446181297302246,1.9965025186538696,0.00028932231361977756
-5.418410778045654,2.005845308303833,0.00028932231361977756
-5.391233921051025,2.0157270431518555,0.00028932231361977756
-5.364677429199219,2.0261757373809814,0.00028932231361977756
-5.338768482208252,2.037219524383545,0.00028932231361977756
-5.313534259796143,2.04888653755188,0.00028932231361977756
-5.289000988006592,2.0612051486968994,0.00028932231361977756
-5.265196323394775,2.0742034912109375,0.00028932231361977756
-5.2421464920043945,2.087909698486328,0.00028932231361977756
-5.219878673553467,2.1023521423339844,0.00028932231361977756
-5.198419570922852,2.1175589561462402,0.00028932231361977756
-5.177796363830566,2.133558511734009,0.00028932231361977756
-5.1580352783203125,2.150378704071045,0.00028932231361977756
-5.139163970947266,2.1680479049682617,0.00028932231361977756
-5.121208667755127,2.1865944862365723,0.00028932231361977756
-5.104196548461914,2.2060463428497314,0.00028932231361977756
-5.0881547927856445,2.2264318466186523,0.00028932231361977756
-5.073110103607178,2.247779369354248,0.00028932231361977756
-5.059089183807373,2.2701168060302734,0.00028932231361977756
-5.04611873626709,2.2934725284576416,0.00028932231361977756
-5.034225940704346,2.3178746700286865,0.00028932231361977756
-5.0234375,2.3433516025543213,0.00028932231361977756
-5.01378059387207,2.36993145942688,0.00028932231361977756
-5.005281925201416,2.3976423740386963,0.00028932231361977756
-4.9979681968688965,2.4265127182006836,0.00028932231361977756
-4.991866588592529,2.456570625305176,0.00028932231361977756
-4.987003803253174,2.487844228744507,0.00028932231361977756
-4.9834065437316895,2.52036190032959,0.00028932231361977756
-4.981102466583252,2.5541555881500244,0.00028932231361977756
-4.981314182281494,2.581976890563965,0.00028932231361977756
-4.981772422790527,2.6095354557037354,0.00028932231361977756
-4.982476711273193,2.636831760406494,0.00028932231361977756
-4.983426094055176,2.663865804672241,0.00028932231361977756
-4.984620094299316,2.690638303756714,0.00028932231361977756
-4.986057758331299,2.717149257659912,0.00028932231361977756
-4.987738609313965,2.743398904800415,0.00028932231361977756
-4.989662170410156,2.769387722015381,0.00028932231361977756
-4.991827487945557,2.7951159477233887,0.00028932231361977756
-4.994234085083008,2.8205840587615967,0.00028932231361977756
-4.996881008148193,2.845792055130005,0.00028932231361977756
-4.999767780303955,2.8707404136657715,0.00028932231361977756
-5.002893924713135,2.8954293727874756,0.00028932231361977756
-5.006258487701416,2.9198591709136963,0.00028932231361977756
-5.009860992431641,2.9440300464630127,0.00028932231361977756
-5.013700485229492,2.967942476272583,0.00028932231361977756
-5.0177764892578125,2.9915966987609863,0.00028932231361977756
-5.022088527679443,3.0149929523468018,0.00028932231361977756
-5.026635646820068,3.0381314754486084,0.00028932231361977756
-5.031417369842529,3.0610127449035645,0.00028932231361977756
-5.036433219909668,3.08363676071167,0.00028932231361977756
-5.041682243347168,3.106003999710083,0.00028932231361977756
-5.047163486480713,3.128114938735962,0.00028932231361977756
-5.0528764724731445,3.1499695777893066,0.00028932231361977756
-5.058820724487305,3.1715683937072754,0.00028932231361977756
-5.064995765686035,3.1929116249084473,0.00028932231361977756
-5.0714006423950195,3.2139995098114014,0.00028932231361977756
-5.078034400939941,3.234832286834717,0.00028932231361977756
-5.084896564483643,3.2554104328155518,0.00028932231361977756
-5.091986656188965,3.2757341861724854,0.00028932231361977756
-5.09930419921875,3.2958037853240967,0.00028932231361977756
-5.106848239898682,3.315619468688965,0.00028932231361977756
-5.114617824554443,3.335181474685669,0.00028932231361977756
-5.122612476348877,3.354490280151367,0.00028932231361977756
-5.130831718444824,3.3735461235046387,0.00028932231361977756
-5.139275074005127,3.3923492431640625,0.00028932231361977756
-5.1479411125183105,3.410900115966797,0.00028932231361977756
-5.156829833984375,3.429198741912842,0.00028932231361977756
-5.165940284729004,3.4472455978393555,0.00028932231361977756
-5.175271987915039,3.465041160583496,0.00028932231361977756
-5.184823989868164,3.4825854301452637,0.00028932231361977756
-5.194595813751221,3.4998786449432373,0.00028932231361977756
-5.204586982727051,3.516921281814575,0.00028932231361977756
-5.214796543121338,3.5337135791778564,0.00028932231361977756
-5.225224018096924,3.5502560138702393,0.00028932231361977756
-5.235868453979492,3.5665485858917236,0.00028932231361977756
-5.246729373931885,3.5825917720794678,0.00028932231361977756
-5.257806301116943,3.598385810852051,0.00028932231361977756
-5.269098281860352,3.6139309406280518,0.00028932231361977756
-5.280604839324951,3.62922739982605,0.00028932231361977756
-5.292325019836426,3.644275665283203,0.00028932231361977756
-5.304258346557617,3.659075975418091,0.00028932231361977756
-5.316404342651367,3.673628568649292,0.00028932231361977756
-5.328762054443359,3.6879336833953857,0.00028932231361977756
-5.3413310050964355,3.7019917964935303,0.00028932231361977756
-5.354110240936279,3.7158031463623047,0.00028932231361977756
-5.367099285125732,3.729367971420288,0.00028932231361977756
-5.380297660827637,3.7426865100860596,0.00028932231361977756
-5.393704414367676,3.7557590007781982,0.00028932231361977756
-5.407319068908691,3.7685859203338623,0.00028932231361977756
-5.421140670776367,3.781167507171631,0.00028932231361977756
-5.435168743133545,3.793503999710083,0.00028932231361977756
-5.449402809143066,3.805595874786377,0.00028932231361977756
-5.463841915130615,3.8174431324005127,0.00028932231361977756
-5.478485107421875,3.8290462493896484,0.00028932231361977756
-5.493332386016846,3.8404054641723633,0.00028932231361977756
-5.508382797241211,3.8515212535858154,0.00028932231361977756
-5.523635387420654,3.862393617630005,0.00028932231361977756
-5.539089679718018,3.87302303314209,0.00028932231361977756
-5.554745197296143,3.8834097385406494,0.00028932231361977756
-5.570601463317871,3.8935539722442627,0.00028932231361977756
-5.586657524108887,3.903456211090088,0.00028932231361977756
-5.602912425994873,3.913116455078125,0.00028932231361977756
-5.619365692138672,3.9225351810455322,0.00028932231361977756
-5.636016845703125,3.9317126274108887,0.00028932231361977756
-5.652864933013916,3.9406492710113525,0.00028932231361977756
-5.669909477233887,3.949345111846924,0.00028932231361977756
-5.687150001525879,3.9578006267547607,0.00028932231361977756
-5.704585552215576,3.9660160541534424,0.00028932231361977756
-5.72221565246582,3.973991632461548,0.00028932231361977756
-5.740039348602295,3.9817278385162354,0.00028932231361977756
-5.758056163787842,3.989224910736084,0.00028932231361977756
-5.776265621185303,3.996483087539673,0.00028932231361977756
-5.794666767120361,4.00350284576416,0.00028932231361977756
-5.813258647918701,4.010283946990967,0.00028932231361977756
-5.832041263580322,4.01682710647583,0.00028932231361977756
-5.851013660430908,4.02313232421875,0.00028932231361977756
-5.870174884796143,4.029200553894043,0.00028932231361977756
-5.889524459838867,4.035031318664551,0.00028932231361977756
-5.909061908721924,4.04062557220459,0.00028932231361977756
-5.928786754608154,4.045982837677002,0.00028932231361977756
-5.948697566986084,4.0511040687561035,0.00028932231361977756
-5.968794345855713,4.0559892654418945,0.00028932231361977756
-5.989076137542725,4.060638904571533,0.00028932231361977756
-6.009542465209961,4.0650529861450195,0.00028932231361977756
-6.0301923751831055,4.069231986999512,0.00028932231361977756
-6.051025390625,4.073176383972168,0.00028932231361977756
-6.072041034698486,4.076886177062988,0.00028932231361977756
-6.093238353729248,4.080361843109131,0.00028932231361977756
-6.11461877822876,4.0836052894592285,0.00028932231361977756
-6.144343376159668,4.086857795715332,0.00028932231361977756
-6.17442512512207,4.089266300201416,0.00028932231361977756
-6.204853057861328,4.090854167938232,0.00028932231361977756
-6.235616683959961,4.09164571762085,0.00028932231361977756
-6.26670503616333,4.0916643142700195,0.00028932231361977756
-6.298107624053955,4.090933799743652,0.00028932231361977756
-6.329813480377197,4.089478015899658,0.00028932231361977756
-6.361812114715576,4.087320804595947,0.00028932231361977756
-6.394092559814453,4.08448600769043,0.00028932231361977756
-6.4266438484191895,4.080996990203857,0.00028932231361977756
-6.459455490112305,4.076877593994141,0.00028932231361977756
-6.492516994476318,4.0721516609191895,0.00028932231361977756
-6.525817394256592,4.066843032836914,0.00028932231361977756
-6.5593461990356445,4.060975551605225,0.00028932231361977756
-6.593092441558838,4.054572582244873,0.00028932231361977756
-6.627045154571533,4.047658443450928,0.00028932231361977756
-6.66119384765625,4.040256500244141,0.00028932231361977756
-6.69552755355835,4.032390117645264,0.00028932231361977756
-6.730035781860352,4.024083614349365,0.00028932231361977756
-6.764708042144775,4.0153608322143555,0.00028932231361977756
-6.799533367156982,4.006245136260986,0.00028932231361977756
-6.834500789642334,3.996760129928589,0.00028932231361977756
-6.86959981918335,3.9869301319122314,0.00028932231361977756
-6.904819488525391,3.976778745651245,0.00028932231361977756
-6.940149307250977,3.966329574584961,0.00028932231361977756
-6.975578308105469,3.955606460571289,0.00028932231361977756
-7.011096000671387,3.9446330070495605,0.00028932231361977756
-7.046691417694092,3.9334330558776855,0.00028932231361977756
-7.0823540687561035,3.922030210494995,0.00028932231361977756
-7.118072986602783,3.9104485511779785,0.00028932231361977756
-7.15383768081665,3.898711681365967,0.00028932231361977756
-7.189637184143066,3.886843204498291,0.00028932231361977756
-7.225460529327393,3.8748669624328613,0.00028932231361977756
-7.261297225952148,3.862806797027588,0.00028932231361977756
-7.2971367835998535,3.8506863117218018,0.00028932231361977756
-7.332968235015869,3.838529348373413,0.00028932231361977756
-7.368781089782715,3.826359748840332,0.00028932231361977756
-7.404564380645752,3.8142011165618896,0.00028932231361977756
-7.440307140350342,3.802077293395996,0.00028932231361977756
-7.475998878479004,3.7900118827819824,0.00028932231361977756
-7.5116286277771,3.778028726577759,0.00028932231361977756
-7.547185897827148,3.7661516666412354,0.00028932231361977756
-7.58266019821167,3.754404306411743,0.00028932231361977756
-7.618040561676025,3.7428104877471924,0.00028932231361977756
-7.653316020965576,3.731394052505493,0.00028932231361977756
-7.688476085662842,3.7201786041259766,0.00028932231361977756
-7.723509788513184,3.7091879844665527,0.00028932231361977756
-7.758406639099121,3.6984457969665527,0.00028932231361977756
-7.793155670166016,3.6879758834838867,0.00028932231361977756
-7.827746391296387,3.677802085876465,0.00028932231361977756
-7.862167835235596,3.667948007583618,0.00028932231361977756
-7.896409511566162,3.658437490463257,0.00028932231361977756
-7.930460453033447,3.649294376373291,0.00028932231361977756
-7.964310169219971,3.6405422687530518,0.00028932231361977756
-7.997947692871094,3.632205009460449,0.00028932231361977756
-8.031362533569336,3.6243062019348145,0.00028932231361977756
-8.064543724060059,3.6168696880340576,0.00028932231361977756
-8.097480773925781,3.609919309616089,0.00028932231361977756
-8.130162239074707,3.6034786701202393,0.00028932231361977756
-8.162577629089355,3.597571611404419,0.00028932231361977756
-8.194716453552246,3.592221975326538,0.00028932231361977756
-8.226568222045898,3.5874533653259277,0.00028932231361977756
-8.258122444152832,3.583289384841919,0.00028932231361977756
-8.28936767578125,3.579754114151001,0.00028932231361977756
-8.320293426513672,3.576871156692505,0.00028932231361977756
-8.350889205932617,3.574664354324341,0.00028932231361977756
-8.381143569946289,3.57315731048584,0.00028932231361977756
-8.411046028137207,3.572373867034912,0.00028932231361977756
-8.44058609008789,3.5723376274108887,0.00028932231361977756
-8.46975326538086,3.5730724334716797,0.00028932231361977756
-8.498536109924316,3.5746021270751953,0.00028932231361977756
-8.526924133300781,3.5769503116607666,0.00028932231361977756
-8.554906845092773,3.5801408290863037,0.00028932231361977756
-8.582473754882812,3.584197521209717,0.00028932231361977756
-8.609613418579102,3.589143991470337,0.00028932231361977756
-8.63631534576416,3.595004081726074,0.00028932231361977756
-8.662569046020508,3.601801633834839,0.00028932231361977756
-8.688364028930664,3.609560251235962,0.00028932231361977756
-8.713688850402832,3.6183035373687744,0.00028932231361977756
-8.738533020019531,3.6280555725097656,0.00028932231361977756
-8.762886047363281,3.6388399600982666,0.00028932231361977756
-8.786736488342285,3.6506803035736084,0.00028932231361977756
-8.810074806213379,3.6636006832122803,0.00028932231361977756
-8.832889556884766,3.677624464035034,0.00028932231361977756
-8.855169296264648,3.6927757263183594,0.00028932231361977756
-8.876904487609863,3.709078073501587,0.00028932231361977756
-8.898083686828613,3.726555347442627,0.00028932231361977756
-8.918696403503418,3.7452311515808105,0.00028932231361977756
-8.938732147216797,3.765129327774048,0.00028932231361977756
-8.958179473876953,3.78627347946167,0.00028932231361977756
-8.977027893066406,3.808687686920166,0.00028932231361977756
-8.995266914367676,3.832395315170288,0.00028932231361977756
-9.012886047363281,3.8574204444885254,0.00028932231361977756
-9.029873847961426,3.883786678314209,0.00028932231361977756
-9.046220779418945,3.911517858505249,0.00028932231361977756
-9.061914443969727,3.9406375885009766,0.00028932231361977756
-9.076945304870605,3.9711697101593018,0.00028932231361977756
-9.091301918029785,4.003138065338135,0.00028932231361977756
-9.104974746704102,4.036566257476807,0.00028932231361977756
-9.117953300476074,4.07147741317749,0.00028932231361977756
-9.128918647766113,4.108102321624756,0.00028932231361977756
-9.136604309082031,4.1466240882873535,0.00028932231361977756
-9.141072273254395,4.18699836730957,0.00028932231361977756
-9.14238452911377,4.229179859161377,0.00028932231361977756
-9.140602111816406,4.2731242179870605,0.00028932231361977756
-9.135787963867188,4.318786144256592,0.00028932231361977756
-9.128003120422363,4.366121292114258,0.00028932231361977756
-9.117308616638184,4.4150848388671875,0.00028932231361977756
-9.103767395019531,4.46563196182251,0.00028932231361977756
-9.087440490722656,4.5177178382873535,0.00028932231361977756
-9.068389892578125,4.571298122406006,0.00028932231361977756
-9.046677589416504,4.6263275146484375,0.00028932231361977756
-9.022364616394043,4.6827616691589355,0.00028932231361977756
-8.995513916015625,4.740555286407471,0.00028932231361977756
-8.9661865234375,4.79966402053833,0.00028932231361977756
-8.934443473815918,4.860043048858643,0.00028932231361977756
-8.900347709655762,4.921647548675537,0.00028932231361977756
-8.863960266113281,4.984432697296143,0.00028932231361977756
-8.825343132019043,5.048353672027588,0.00028932231361977756
-8.784558296203613,5.113365650177002,0.00028932231361977756
-8.741667747497559,5.179424285888672,0.00028932231361977756
-8.696732521057129,5.246484279632568,0.00028932231361977756
-8.64981460571289,5.3145012855529785,0.00028932231361977756
-8.60097599029541,5.383430004119873,0.00028932231361977756
-8.550278663635254,5.453226089477539,0.00028932231361977756
-8.497783660888672,5.5238447189331055,0.00028932231361977756
-8.44355297088623,5.595241069793701,0.00028932231361977756
-8.387648582458496,5.667370319366455,0.00028932231361977756
-8.330132484436035,5.740187644958496,0.00028932231361977756
-8.271065711975098,5.813648700714111,0.00028932231361977756
-8.21051025390625,5.8877081871032715,0.00028932231361977756
-8.148528099060059,5.962321758270264,0.00028932231361977756
-8.08518123626709,6.037444591522217,0.00028932231361977756
-8.020530700683594,6.113031387329102,0.00028932231361977756
-7.954638481140137,6.189037799835205,0.00028932231361977756
-7.887567043304443,6.265419006347656,0.00028932231361977756
-7.819377899169922,6.342130184173584,0.00028932231361977756
-7.7501325607299805,6.419126987457275,0.00028932231361977756
-7.679892539978027,6.496364116668701,0.00028932231361977756
-7.608719825744629,6.573797225952148,0.00028932231361977756
-7.536676406860352,6.651381015777588,0.00028932231361977756
-7.4638237953186035,6.729071140289307,0.00028932231361977756
-7.390223503112793,6.806822776794434,0.00028932231361977756
-7.315937519073486,6.8845906257629395,0.00028932231361977756
-7.24102783203125,6.9623308181762695,0.00028932231361977756
-7.165555953979492,7.0399980545043945,0.00028932231361977756
-7.089583873748779,7.117547512054443,0.00028932231361977756
-7.0131731033325195,7.194934368133545,0.00028932231361977756
-6.936385154724121,7.272114276885986,0.00028932231361977756
-6.85928201675415,7.349041938781738,0.00028932231361977756
-6.781925678253174,7.425673007965088,0.00028932231361977756
-6.7043776512146,7.501962661743164,0.00028932231361977756
-6.626699924468994,7.577866077423096,0.00028932231361977756
-6.548954010009766,7.653338432312012,0.00028932231361977756
-6.4712018966674805,7.728334903717041,0.00028932231361977756
-6.393505096435547,7.8028106689453125,0.00028932231361977756
-6.315925598144531,7.876720905303955,0.00028932231361977756
-6.238524913787842,7.950021266937256,0.00028932231361977756
-6.161365032196045,8.022665977478027,0.00028932231361977756
-6.084507465362549,8.094611167907715,0.00028932231361977756
-6.00801420211792,8.165812492370605,0.00028932231361977756
-5.931947231292725,8.236224174499512,0.00028932231361977756
-5.856368064880371,8.305802345275879,0.00028932231361977756
-5.781338214874268,8.37450122833252,0.00028932231361977756
-5.7069196701049805,8.442276954650879,0.00028932231361977756
-5.633173942565918,8.509084701538086,0.00028932231361977756
-5.5601630210876465,8.574878692626953,0.00028932231361977756
-5.487948894500732,8.639615058898926,0.00028932231361977756
-5.416593074798584,8.703248977661133,0.00028932231361977756
-5.346157073974609,8.765735626220703,0.00028932231361977756
-5.276702880859375,8.827030181884766,0.00028932231361977756
-5.208292484283447,8.88708782196045,0.00028932231361977756
-5.140987396240234,8.945863723754883,0.00028932231361977756
-5.0748491287231445,9.003313064575195,0.00028932231361977756
-5.009939670562744,9.059391021728516,0.00028932231361977756
-4.9463210105896,9.114052772521973,0.00028932231361977756
-4.884054660797119,9.167254447937012,0.00028932231361977756
-4.823202610015869,9.218950271606445,0.00028932231361977756
-4.763826370239258,9.269095420837402,0.00028932231361977756
-4.705987453460693,9.317646026611328,0.00028932231361977756
-4.6497483253479,9.364556312561035,0.00028932231361977756
-4.595170021057129,9.409782409667969,0.00028932231361977756
-4.5423150062561035,9.453278541564941,0.00028932231361977756
-4.491244316101074,9.495000839233398,0.00028932231361977756
-4.442019939422607,9.534904479980469,0.00028932231361977756
-4.3947038650512695,9.572944641113281,0.00028932231361977756
-4.349358081817627,9.609075546264648,0.00028932231361977756
-4.30604362487793,9.643253326416016,0.00028932231361977756
-4.264822959899902,9.675433158874512,0.00028932231361977756
-4.225757122039795,9.705570220947266,0.00028932231361977756
-4.188908576965332,9.733619689941406,0.00028932231361977756
-4.154338836669922,9.759536743164062,0.00028932231361977756
-4.122109413146973,9.783276557922363,0.00028932231361977756
-4.092282295227051,9.804795265197754,0.00028932231361977756
-4.0649189949035645,9.824047088623047,0.00028932231361977756
-4.04008150100708,9.840987205505371,0.00028932231361977756
-4.017831802368164,9.855571746826172,0.00028932231361977756
-3.9982311725616455,9.867754936218262,0.00028932231361977756
-3.981341600418091,9.877492904663086,0.00028932231361977756
